n,round,implementation,wall_ms,checksum_bits,checksum
1000000,1,Wheelchair_1.3.128,26.482364,0x42530584748157b6,
1000000,1,GCC_C_native,32.026016,0x42530584748157b3,326787781125.3703
1000000,1,GFortran_native,32.320159,0x4253058474815547,3.26787781125332458E+011
1000000,1,GCC_C_active_ceiling,3.919355,0x42530584748157b3,326787781125.3703
1000000,2,GCC_C_native,31.554494,0x42530584748157b3,326787781125.3703
1000000,2,GFortran_native,34.403135,0x4253058474815547,3.26787781125332458E+011
1000000,2,GCC_C_active_ceiling,2.715095,0x42530584748157b3,326787781125.3703
1000000,2,Wheelchair_1.3.128,25.773586,0x42530584748157b6,
1000000,3,GFortran_native,31.745276,0x4253058474815547,3.26787781125332458E+011
1000000,3,GCC_C_active_ceiling,2.742359,0x42530584748157b3,326787781125.3703
1000000,3,Wheelchair_1.3.128,27.11786,0x42530584748157b6,
1000000,3,GCC_C_native,29.44805,0x42530584748157b3,326787781125.3703
1000000,4,GCC_C_active_ceiling,2.605003,0x42530584748157b3,326787781125.3703
1000000,4,Wheelchair_1.3.128,25.682245,0x42530584748157b6,
1000000,4,GCC_C_native,32.547229,0x42530584748157b3,326787781125.3703
1000000,4,GFortran_native,31.706259,0x4253058474815547,3.26787781125332458E+011
1000000,5,Wheelchair_1.3.128,25.464435,0x42530584748157b6,
1000000,5,GCC_C_native,29.686954,0x42530584748157b3,326787781125.3703
1000000,5,GFortran_native,31.939599,0x4253058474815547,3.26787781125332458E+011
1000000,5,GCC_C_active_ceiling,3.348566,0x42530584748157b3,326787781125.3703
1000000,6,GCC_C_native,28.498801,0x42530584748157b3,326787781125.3703
1000000,6,GFortran_native,31.458452,0x4253058474815547,3.26787781125332458E+011
1000000,6,GCC_C_active_ceiling,2.810789,0x42530584748157b3,326787781125.3703
1000000,6,Wheelchair_1.3.128,27.314763,0x42530584748157b6,
1000000,7,GFortran_native,31.849529,0x4253058474815547,3.26787781125332458E+011
1000000,7,GCC_C_active_ceiling,2.686365,0x42530584748157b3,326787781125.3703
1000000,7,Wheelchair_1.3.128,26.674964,0x42530584748157b6,
1000000,7,GCC_C_native,31.142651,0x42530584748157b3,326787781125.3703
1000000,8,GCC_C_active_ceiling,2.861018,0x42530584748157b3,326787781125.3703
1000000,8,Wheelchair_1.3.128,25.295358,0x42530584748157b6,
1000000,8,GCC_C_native,29.426136,0x42530584748157b3,326787781125.3703
1000000,8,GFortran_native,31.535478,0x4253058474815547,3.26787781125332458E+011
1000000,9,Wheelchair_1.3.128,27.248207,0x42530584748157b6,
1000000,9,GCC_C_native,28.844344,0x42530584748157b3,326787781125.3703
1000000,9,GFortran_native,30.554025,0x4253058474815547,3.26787781125332458E+011
1000000,9,GCC_C_active_ceiling,2.758404,0x42530584748157b3,326787781125.3703
4000000,1,Wheelchair_1.3.128,100.364287,0x42530584748157b6,
4000000,1,GCC_C_native,121.446132,0x42530584748157b3,326787781125.3703
4000000,1,GFortran_native,123.91003,0x4253058474815547,3.26787781125332458E+011
4000000,1,GCC_C_active_ceiling,3.309817,0x42530584748157b3,326787781125.3703
4000000,2,GCC_C_native,117.579377,0x42530584748157b3,326787781125.3703
4000000,2,GFortran_native,122.041667,0x4253058474815547,3.26787781125332458E+011
4000000,2,GCC_C_active_ceiling,3.500727,0x42530584748157b3,326787781125.3703
4000000,2,Wheelchair_1.3.128,99.679735,0x42530584748157b6,
4000000,3,GFortran_native,122.488176,0x4253058474815547,3.26787781125332458E+011
4000000,3,GCC_C_active_ceiling,3.747309,0x42530584748157b3,326787781125.3703
4000000,3,Wheelchair_1.3.128,99.054472,0x42530584748157b6,
4000000,3,GCC_C_native,120.427595,0x42530584748157b3,326787781125.3703
4000000,4,GCC_C_active_ceiling,2.957137,0x42530584748157b3,326787781125.3703
4000000,4,Wheelchair_1.3.128,98.846002,0x42530584748157b6,
4000000,4,GCC_C_native,118.814809,0x42530584748157b3,326787781125.3703
4000000,4,GFortran_native,123.911038,0x4253058474815547,3.26787781125332458E+011
4000000,5,Wheelchair_1.3.128,100.245518,0x42530584748157b6,
4000000,5,GCC_C_native,121.37349,0x42530584748157b3,326787781125.3703
4000000,5,GFortran_native,119.997281,0x4253058474815547,3.26787781125332458E+011
4000000,5,GCC_C_active_ceiling,3.227866,0x42530584748157b3,326787781125.3703
4000000,6,GCC_C_native,118.459252,0x42530584748157b3,326787781125.3703
4000000,6,GFortran_native,119.827623,0x4253058474815547,3.26787781125332458E+011
4000000,6,GCC_C_active_ceiling,10.895486,0x42530584748157b3,326787781125.3703
4000000,6,Wheelchair_1.3.128,100.382368,0x42530584748157b6,
4000000,7,GFortran_native,121.84189,0x4253058474815547,3.26787781125332458E+011
4000000,7,GCC_C_active_ceiling,3.010246,0x42530584748157b3,326787781125.3703
4000000,7,Wheelchair_1.3.128,100.915416,0x42530584748157b6,
4000000,7,GCC_C_native,122.321019,0x42530584748157b3,326787781125.3703
4000000,8,GCC_C_active_ceiling,3.626721,0x42530584748157b3,326787781125.3703
4000000,8,Wheelchair_1.3.128,102.203524,0x42530584748157b6,
4000000,8,GCC_C_native,125.036608,0x42530584748157b3,326787781125.3703
4000000,8,GFortran_native,123.986103,0x4253058474815547,3.26787781125332458E+011
4000000,9,Wheelchair_1.3.128,105.634419,0x42530584748157b6,
4000000,9,GCC_C_native,122.136471,0x42530584748157b3,326787781125.3703
4000000,9,GFortran_native,123.835994,0x4253058474815547,3.26787781125332458E+011
4000000,9,GCC_C_active_ceiling,3.176091,0x42530584748157b3,326787781125.3703
8000000,1,Wheelchair_1.3.128,199.428764,0x42530584748157b7,
8000000,1,GCC_C_native,239.894217,0x42530584748157b3,326787781125.3703
8000000,1,GFortran_native,244.99495,0x4253058474815547,3.26787781125332458E+011
8000000,1,GCC_C_active_ceiling,3.497055,0x42530584748157b3,326787781125.3703
8000000,2,GCC_C_native,241.807083,0x42530584748157b3,326787781125.3703
8000000,2,GFortran_native,245.360344,0x4253058474815547,3.26787781125332458E+011
8000000,2,GCC_C_active_ceiling,3.157628,0x42530584748157b3,326787781125.3703
8000000,2,Wheelchair_1.3.128,200.32957,0x42530584748157b7,
8000000,3,GFortran_native,245.400257,0x4253058474815547,3.26787781125332458E+011
8000000,3,GCC_C_active_ceiling,3.73043,0x42530584748157b3,326787781125.3703
8000000,3,Wheelchair_1.3.128,200.201888,0x42530584748157b7,
8000000,3,GCC_C_native,241.587382,0x42530584748157b3,326787781125.3703
8000000,4,GCC_C_active_ceiling,3.069563,0x42530584748157b3,326787781125.3703
8000000,4,Wheelchair_1.3.128,200.132953,0x42530584748157b7,
8000000,4,GCC_C_native,243.126544,0x42530584748157b3,326787781125.3703
8000000,4,GFortran_native,241.106175,0x4253058474815547,3.26787781125332458E+011
8000000,5,Wheelchair_1.3.128,199.372336,0x42530584748157b7,
8000000,5,GCC_C_native,239.72822,0x42530584748157b3,326787781125.3703
8000000,5,GFortran_native,246.667862,0x4253058474815547,3.26787781125332458E+011
8000000,5,GCC_C_active_ceiling,3.553703,0x42530584748157b3,326787781125.3703
8000000,6,GCC_C_native,239.355239,0x42530584748157b3,326787781125.3703
8000000,6,GFortran_native,242.353405,0x4253058474815547,3.26787781125332458E+011
8000000,6,GCC_C_active_ceiling,3.047338,0x42530584748157b3,326787781125.3703
8000000,6,Wheelchair_1.3.128,198.324918,0x42530584748157b7,
8000000,7,GFortran_native,246.458277,0x4253058474815547,3.26787781125332458E+011
8000000,7,GCC_C_active_ceiling,3.102286,0x42530584748157b3,326787781125.3703
8000000,7,Wheelchair_1.3.128,200.161856,0x42530584748157b7,
8000000,7,GCC_C_native,243.885489,0x42530584748157b3,326787781125.3703
8000000,8,GCC_C_active_ceiling,4.073176,0x42530584748157b3,326787781125.3703
8000000,8,Wheelchair_1.3.128,196.667894,0x42530584748157b7,
8000000,8,GCC_C_native,239.485737,0x42530584748157b3,326787781125.3703
8000000,8,GFortran_native,262.881424,0x4253058474815547,3.26787781125332458E+011
8000000,9,Wheelchair_1.3.128,197.689802,0x42530584748157b7,
8000000,9,GCC_C_native,242.975905,0x42530584748157b3,326787781125.3703
8000000,9,GFortran_native,247.43968,0x4253058474815547,3.26787781125332458E+011
8000000,9,GCC_C_active_ceiling,3.469732,0x42530584748157b3,326787781125.3703
16000000,1,Wheelchair_1.3.128,406.893055,0x42530584748157b6,
16000000,1,GCC_C_native,520.130481,0x42530584748157b3,326787781125.3703
16000000,1,GFortran_native,490.633955,0x4253058474815547,3.26787781125332458E+011
16000000,1,GCC_C_active_ceiling,3.287659,0x42530584748157b3,326787781125.3703
16000000,2,GCC_C_native,476.502745,0x42530584748157b3,326787781125.3703
16000000,2,GFortran_native,489.355278,0x4253058474815547,3.26787781125332458E+011
16000000,2,GCC_C_active_ceiling,2.851504,0x42530584748157b3,326787781125.3703
16000000,2,Wheelchair_1.3.128,398.962648,0x42530584748157b6,
16000000,3,GFortran_native,489.674247,0x4253058474815547,3.26787781125332458E+011
16000000,3,GCC_C_active_ceiling,3.284078,0x42530584748157b3,326787781125.3703
16000000,3,Wheelchair_1.3.128,394.362338,0x42530584748157b6,
16000000,3,GCC_C_native,484.694006,0x42530584748157b3,326787781125.3703
16000000,4,GCC_C_active_ceiling,3.201146,0x42530584748157b3,326787781125.3703
16000000,4,Wheelchair_1.3.128,397.672006,0x42530584748157b6,
16000000,4,GCC_C_native,486.709456,0x42530584748157b3,326787781125.3703
16000000,4,GFortran_native,538.543971,0x4253058474815547,3.26787781125332458E+011
16000000,5,Wheelchair_1.3.128,445.364033,0x42530584748157b6,
16000000,5,GCC_C_native,480.016078,0x42530584748157b3,326787781125.3703
16000000,5,GFortran_native,484.497847,0x4253058474815547,3.26787781125332458E+011
16000000,5,GCC_C_active_ceiling,4.03988,0x42530584748157b3,326787781125.3703
16000000,6,GCC_C_native,484.488515,0x42530584748157b3,326787781125.3703
16000000,6,GFortran_native,482.809939,0x4253058474815547,3.26787781125332458E+011
16000000,6,GCC_C_active_ceiling,3.605545,0x42530584748157b3,326787781125.3703
16000000,6,Wheelchair_1.3.128,406.423836,0x42530584748157b6,
16000000,7,GFortran_native,485.211256,0x4253058474815547,3.26787781125332458E+011
16000000,7,GCC_C_active_ceiling,3.135563,0x42530584748157b3,326787781125.3703
16000000,7,Wheelchair_1.3.128,399.026426,0x42530584748157b6,
16000000,7,GCC_C_native,475.099077,0x42530584748157b3,326787781125.3703
16000000,8,GCC_C_active_ceiling,3.123323,0x42530584748157b3,326787781125.3703
16000000,8,Wheelchair_1.3.128,413.135035,0x42530584748157b6,
16000000,8,GCC_C_native,481.671381,0x42530584748157b3,326787781125.3703
16000000,8,GFortran_native,487.559657,0x4253058474815547,3.26787781125332458E+011
16000000,9,Wheelchair_1.3.128,405.266266,0x42530584748157b6,
16000000,9,GCC_C_native,477.784853,0x42530584748157b3,326787781125.3703
16000000,9,GFortran_native,516.545799,0x4253058474815547,3.26787781125332458E+011
16000000,9,GCC_C_active_ceiling,3.474004,0x42530584748157b3,326787781125.3703
