n,implementation,reps,median_ms,mad_ms,checksum_bits,speedup_vs_c,time_over_ceiling
1000000,Wheelchair_1.3.128,9,26.482364,0.7658430000000003,0x42530584748157b6,1.1210084567978902,9.600611078000178
1000000,GCC_C_native,9,29.686954,1.1881529999999998,0x42530584748157b3,1.0,10.762366208865705
1000000,GFortran_native,9,31.745276,0.20979799999999926,0x4253058474815547,0.935161313450228,11.508566547902337
1000000,GCC_C_active_ceiling,9,2.758404,0.07203900000000019,0x42530584748157b3,10.762366208865705,1.0
4000000,Wheelchair_1.3.128,9,100.364287,0.6845520000000107,0x42530584748157b6,1.2093294699537893,30.323213337776686
4000000,GCC_C_native,9,121.37349,0.947529000000003,0x42530584748157b3,1.0,36.67075551306915
4000000,GFortran_native,9,122.488176,1.4218540000000104,0x4253058474815547,0.9908996440603378,37.00753727471942
4000000,GCC_C_active_ceiling,9,3.309817,0.2995709999999998,0x42530584748157b3,36.67075551306915,1.0
8000000,Wheelchair_1.3.128,9,199.428764,0.7731239999999957,0x42530584748157b7,1.211396877533674,57.47670540548953
8000000,GCC_C_native,9,241.587382,1.6931649999999934,0x42530584748157b3,1.0,69.62710145913286
8000000,GFortran_native,9,245.400257,1.2676050000000032,0x4253058474815547,0.9844626283337592,70.72599756984113
8000000,GCC_C_active_ceiling,9,3.469732,0.31210400000000016,0x42530584748157b3,69.62710145913286,1.0
16000000,Wheelchair_1.3.128,9,405.266266,6.303617999999972,0x42530584748157b6,1.1885306560403428,123.40336191771327
16000000,GCC_C_native,9,481.671381,3.8865279999999984,0x42530584748157b3,1.0,146.6686786976436
16000000,GFortran_native,9,489.355278,4.144022000000007,0x4253058474815547,0.9842979173916256,149.00842123725442
16000000,GCC_C_active_ceiling,9,3.284078,0.16075499999999998,0x42530584748157b3,146.6686786976436,1.0
