workload,implementation,compile_ms,returncode,stdout,stderr,command,cwd
mass3,Wheelchair_1.3.127_native256,1.623065,0,Compiled successfully.,,./bin/topologyc-native256 devtrash/benchmarks/math_generalization_1344/mass3.wh -o /tmp/wh-paper-v3-z6wqbpk6/bin/mass3/wheelchair,/tmp/wh-paper-v3-z6wqbpk6/release/Wheelchair-1.3.127
mass3,GCC_C_v3,139.380511,0,,,gcc -O3 -march=x86-64-v3 -mtune=generic -fno-fast-math -ffp-contract=off /tmp/wh-paper-v3-z6wqbpk6/release/Wheelchair-1.3.127/devtrash/benchmarks/math_generalization_1344/mass3.c -lm -o /tmp/wh-paper-v3-z6wqbpk6/bin/mass3/c,
mass3,GFortran_v3,1293.540325,0,,,gfortran -O3 -march=x86-64-v3 -mtune=generic -fno-fast-math -ffp-contract=off -fprotect-parens /tmp/wh-paper-v3-z6wqbpk6/release/Wheelchair-1.3.127/devtrash/benchmarks/math_generalization_1344/mass3.f90 -o /tmp/wh-paper-v3-z6wqbpk6/bin/mass3/fortran,
chem6,Wheelchair_1.3.127_native256,1.40324,0,Compiled successfully.,,./bin/topologyc-native256 devtrash/benchmarks/math_generalization_1344/chem6.wh -o /tmp/wh-paper-v3-z6wqbpk6/bin/chem6/wheelchair,/tmp/wh-paper-v3-z6wqbpk6/release/Wheelchair-1.3.127
chem6,GCC_C_v3,43.724428,0,,,gcc -O3 -march=x86-64-v3 -mtune=generic -fno-fast-math -ffp-contract=off /tmp/wh-paper-v3-z6wqbpk6/release/Wheelchair-1.3.127/devtrash/benchmarks/math_generalization_1344/chem6.c -lm -o /tmp/wh-paper-v3-z6wqbpk6/bin/chem6/c,
chem6,GFortran_v3,48.264972,0,,,gfortran -O3 -march=x86-64-v3 -mtune=generic -fno-fast-math -ffp-contract=off -fprotect-parens /tmp/wh-paper-v3-z6wqbpk6/release/Wheelchair-1.3.127/devtrash/benchmarks/math_generalization_1344/chem6.f90 -o /tmp/wh-paper-v3-z6wqbpk6/bin/chem6/fortran,
rigid7,Wheelchair_1.3.127_native256,2.28347,0,Compiled successfully.,,./bin/topologyc-native256 devtrash/benchmarks/math_generalization_1344/rigid7.wh -o /tmp/wh-paper-v3-z6wqbpk6/bin/rigid7/wheelchair,/tmp/wh-paper-v3-z6wqbpk6/release/Wheelchair-1.3.127
rigid7,GCC_C_v3,45.762941,0,,,gcc -O3 -march=x86-64-v3 -mtune=generic -fno-fast-math -ffp-contract=off /tmp/wh-paper-v3-z6wqbpk6/release/Wheelchair-1.3.127/devtrash/benchmarks/math_generalization_1344/rigid7.c -lm -o /tmp/wh-paper-v3-z6wqbpk6/bin/rigid7/c,
rigid7,GFortran_v3,51.996055,0,,,gfortran -O3 -march=x86-64-v3 -mtune=generic -fno-fast-math -ffp-contract=off -fprotect-parens /tmp/wh-paper-v3-z6wqbpk6/release/Wheelchair-1.3.127/devtrash/benchmarks/math_generalization_1344/rigid7.f90 -o /tmp/wh-paper-v3-z6wqbpk6/bin/rigid7/fortran,
