workload,rep,order_index,implementation,steps,cpu,wall_ms,stdout,stderr
mass3,0,0,Wheelchair_1.3.127_native256,20000000,0,165.944319,out00_bits=0x3d339faecc90206d,
mass3,0,1,GCC_C_v3,20000000,0,147.110353,out00_bits=0x3d339faecc90206d,
mass3,0,2,GFortran_v3,20000000,0,147.512257,out00_bits=0x3D339FAECC90206D,
mass3,1,0,GCC_C_v3,20000000,0,147.285784,out00_bits=0x3d339faecc90206d,
mass3,1,1,GFortran_v3,20000000,0,147.547251,out00_bits=0x3D339FAECC90206D,
mass3,1,2,Wheelchair_1.3.127_native256,20000000,0,165.865213,out00_bits=0x3d339faecc90206d,
mass3,2,0,GFortran_v3,20000000,0,147.6212,out00_bits=0x3D339FAECC90206D,
mass3,2,1,Wheelchair_1.3.127_native256,20000000,0,166.007195,out00_bits=0x3d339faecc90206d,
mass3,2,2,GCC_C_v3,20000000,0,147.253104,out00_bits=0x3d339faecc90206d,
mass3,3,0,Wheelchair_1.3.127_native256,20000000,0,166.091377,out00_bits=0x3d339faecc90206d,
mass3,3,1,GCC_C_v3,20000000,0,147.256968,out00_bits=0x3d339faecc90206d,
mass3,3,2,GFortran_v3,20000000,0,147.344053,out00_bits=0x3D339FAECC90206D,
mass3,4,0,GCC_C_v3,20000000,0,147.478417,out00_bits=0x3d339faecc90206d,
mass3,4,1,GFortran_v3,20000000,0,147.612962,out00_bits=0x3D339FAECC90206D,
mass3,4,2,Wheelchair_1.3.127_native256,20000000,0,165.984184,out00_bits=0x3d339faecc90206d,
mass3,5,0,GFortran_v3,20000000,0,147.895285,out00_bits=0x3D339FAECC90206D,
mass3,5,1,Wheelchair_1.3.127_native256,20000000,0,166.19098,out00_bits=0x3d339faecc90206d,
mass3,5,2,GCC_C_v3,20000000,0,147.223247,out00_bits=0x3d339faecc90206d,
mass3,6,0,Wheelchair_1.3.127_native256,20000000,0,166.210254,out00_bits=0x3d339faecc90206d,
mass3,6,1,GCC_C_v3,20000000,0,147.218896,out00_bits=0x3d339faecc90206d,
mass3,6,2,GFortran_v3,20000000,0,147.955253,out00_bits=0x3D339FAECC90206D,
mass3,7,0,GCC_C_v3,20000000,0,147.754786,out00_bits=0x3d339faecc90206d,
mass3,7,1,GFortran_v3,20000000,0,147.396344,out00_bits=0x3D339FAECC90206D,
mass3,7,2,Wheelchair_1.3.127_native256,20000000,0,166.114868,out00_bits=0x3d339faecc90206d,
mass3,8,0,GFortran_v3,20000000,0,147.346151,out00_bits=0x3D339FAECC90206D,
mass3,8,1,Wheelchair_1.3.127_native256,20000000,0,165.871945,out00_bits=0x3d339faecc90206d,
mass3,8,2,GCC_C_v3,20000000,0,147.257504,out00_bits=0x3d339faecc90206d,
mass3,9,0,Wheelchair_1.3.127_native256,20000000,0,165.768974,out00_bits=0x3d339faecc90206d,
mass3,9,1,GCC_C_v3,20000000,0,147.395898,out00_bits=0x3d339faecc90206d,
mass3,9,2,GFortran_v3,20000000,0,147.316738,out00_bits=0x3D339FAECC90206D,
mass3,10,0,GCC_C_v3,20000000,0,147.110012,out00_bits=0x3d339faecc90206d,
mass3,10,1,GFortran_v3,20000000,0,147.581997,out00_bits=0x3D339FAECC90206D,
mass3,10,2,Wheelchair_1.3.127_native256,20000000,0,165.852984,out00_bits=0x3d339faecc90206d,
mass3,11,0,GFortran_v3,20000000,0,147.506757,out00_bits=0x3D339FAECC90206D,
mass3,11,1,Wheelchair_1.3.127_native256,20000000,0,166.093853,out00_bits=0x3d339faecc90206d,
mass3,11,2,GCC_C_v3,20000000,0,147.351439,out00_bits=0x3d339faecc90206d,
mass3,12,0,Wheelchair_1.3.127_native256,20000000,0,165.786648,out00_bits=0x3d339faecc90206d,
mass3,12,1,GCC_C_v3,20000000,0,146.992212,out00_bits=0x3d339faecc90206d,
mass3,12,2,GFortran_v3,20000000,0,147.386803,out00_bits=0x3D339FAECC90206D,
mass3,13,0,GCC_C_v3,20000000,0,147.393944,out00_bits=0x3d339faecc90206d,
mass3,13,1,GFortran_v3,20000000,0,147.402042,out00_bits=0x3D339FAECC90206D,
mass3,13,2,Wheelchair_1.3.127_native256,20000000,0,165.958795,out00_bits=0x3d339faecc90206d,
mass3,14,0,GFortran_v3,20000000,0,147.543398,out00_bits=0x3D339FAECC90206D,
mass3,14,1,Wheelchair_1.3.127_native256,20000000,0,166.031213,out00_bits=0x3d339faecc90206d,
mass3,14,2,GCC_C_v3,20000000,0,147.184811,out00_bits=0x3d339faecc90206d,
chem6,0,0,Wheelchair_1.3.127_native256,20000000,0,152.931666,out00_bits=0x3fc1fd3b23361dd4,
chem6,0,1,GCC_C_v3,20000000,0,150.562684,out00_bits=0x3fc1fd3b23361dd4,
chem6,0,2,GFortran_v3,20000000,0,150.713087,out00_bits=0x3FC1FD3B23361DD4,
chem6,1,0,GCC_C_v3,20000000,0,150.448369,out00_bits=0x3fc1fd3b23361dd4,
chem6,1,1,GFortran_v3,20000000,0,150.732452,out00_bits=0x3FC1FD3B23361DD4,
chem6,1,2,Wheelchair_1.3.127_native256,20000000,0,153.173913,out00_bits=0x3fc1fd3b23361dd4,
chem6,2,0,GFortran_v3,20000000,0,150.740071,out00_bits=0x3FC1FD3B23361DD4,
chem6,2,1,Wheelchair_1.3.127_native256,20000000,0,152.876759,out00_bits=0x3fc1fd3b23361dd4,
chem6,2,2,GCC_C_v3,20000000,0,150.298747,out00_bits=0x3fc1fd3b23361dd4,
chem6,3,0,Wheelchair_1.3.127_native256,20000000,0,152.974521,out00_bits=0x3fc1fd3b23361dd4,
chem6,3,1,GCC_C_v3,20000000,0,150.349141,out00_bits=0x3fc1fd3b23361dd4,
chem6,3,2,GFortran_v3,20000000,0,150.76462,out00_bits=0x3FC1FD3B23361DD4,
chem6,4,0,GCC_C_v3,20000000,0,150.371603,out00_bits=0x3fc1fd3b23361dd4,
chem6,4,1,GFortran_v3,20000000,0,150.66605,out00_bits=0x3FC1FD3B23361DD4,
chem6,4,2,Wheelchair_1.3.127_native256,20000000,0,152.775594,out00_bits=0x3fc1fd3b23361dd4,
chem6,5,0,GFortran_v3,20000000,0,150.714045,out00_bits=0x3FC1FD3B23361DD4,
chem6,5,1,Wheelchair_1.3.127_native256,20000000,0,153.161364,out00_bits=0x3fc1fd3b23361dd4,
chem6,5,2,GCC_C_v3,20000000,0,150.491444,out00_bits=0x3fc1fd3b23361dd4,
chem6,6,0,Wheelchair_1.3.127_native256,20000000,0,152.947646,out00_bits=0x3fc1fd3b23361dd4,
chem6,6,1,GCC_C_v3,20000000,0,150.206013,out00_bits=0x3fc1fd3b23361dd4,
chem6,6,2,GFortran_v3,20000000,0,150.876313,out00_bits=0x3FC1FD3B23361DD4,
chem6,7,0,GCC_C_v3,20000000,0,150.423559,out00_bits=0x3fc1fd3b23361dd4,
chem6,7,1,GFortran_v3,20000000,0,150.784197,out00_bits=0x3FC1FD3B23361DD4,
chem6,7,2,Wheelchair_1.3.127_native256,20000000,0,153.143466,out00_bits=0x3fc1fd3b23361dd4,
chem6,8,0,GFortran_v3,20000000,0,150.818553,out00_bits=0x3FC1FD3B23361DD4,
chem6,8,1,Wheelchair_1.3.127_native256,20000000,0,152.956553,out00_bits=0x3fc1fd3b23361dd4,
chem6,8,2,GCC_C_v3,20000000,0,150.740421,out00_bits=0x3fc1fd3b23361dd4,
chem6,9,0,Wheelchair_1.3.127_native256,20000000,0,153.002385,out00_bits=0x3fc1fd3b23361dd4,
chem6,9,1,GCC_C_v3,20000000,0,150.509251,out00_bits=0x3fc1fd3b23361dd4,
chem6,9,2,GFortran_v3,20000000,0,150.875522,out00_bits=0x3FC1FD3B23361DD4,
chem6,10,0,GCC_C_v3,20000000,0,150.518166,out00_bits=0x3fc1fd3b23361dd4,
chem6,10,1,GFortran_v3,20000000,0,150.517115,out00_bits=0x3FC1FD3B23361DD4,
chem6,10,2,Wheelchair_1.3.127_native256,20000000,0,152.920549,out00_bits=0x3fc1fd3b23361dd4,
chem6,11,0,GFortran_v3,20000000,0,150.894262,out00_bits=0x3FC1FD3B23361DD4,
chem6,11,1,Wheelchair_1.3.127_native256,20000000,0,152.991437,out00_bits=0x3fc1fd3b23361dd4,
chem6,11,2,GCC_C_v3,20000000,0,150.430249,out00_bits=0x3fc1fd3b23361dd4,
chem6,12,0,Wheelchair_1.3.127_native256,20000000,0,152.910296,out00_bits=0x3fc1fd3b23361dd4,
chem6,12,1,GCC_C_v3,20000000,0,150.534579,out00_bits=0x3fc1fd3b23361dd4,
chem6,12,2,GFortran_v3,20000000,0,150.400843,out00_bits=0x3FC1FD3B23361DD4,
chem6,13,0,GCC_C_v3,20000000,0,150.076688,out00_bits=0x3fc1fd3b23361dd4,
chem6,13,1,GFortran_v3,20000000,0,150.457749,out00_bits=0x3FC1FD3B23361DD4,
chem6,13,2,Wheelchair_1.3.127_native256,20000000,0,152.811602,out00_bits=0x3fc1fd3b23361dd4,
chem6,14,0,GFortran_v3,20000000,0,150.37445,out00_bits=0x3FC1FD3B23361DD4,
chem6,14,1,Wheelchair_1.3.127_native256,20000000,0,152.914611,out00_bits=0x3fc1fd3b23361dd4,
chem6,14,2,GCC_C_v3,20000000,0,149.995075,out00_bits=0x3fc1fd3b23361dd4,
rigid7,0,0,Wheelchair_1.3.127_native256,20000000,0,295.204,out00_bits=0x3fcd16fb05aaa9ff,
rigid7,0,1,GCC_C_v3,20000000,0,238.386111,out00_bits=0x3fcd16fb05aaa9ff,
rigid7,0,2,GFortran_v3,20000000,0,238.567426,out00_bits=0x3FCD16FB05AAA9FF,
rigid7,1,0,GCC_C_v3,20000000,0,238.306767,out00_bits=0x3fcd16fb05aaa9ff,
rigid7,1,1,GFortran_v3,20000000,0,238.37979,out00_bits=0x3FCD16FB05AAA9FF,
rigid7,1,2,Wheelchair_1.3.127_native256,20000000,0,295.507256,out00_bits=0x3fcd16fb05aaa9ff,
rigid7,2,0,GFortran_v3,20000000,0,238.682561,out00_bits=0x3FCD16FB05AAA9FF,
rigid7,2,1,Wheelchair_1.3.127_native256,20000000,0,295.172081,out00_bits=0x3fcd16fb05aaa9ff,
rigid7,2,2,GCC_C_v3,20000000,0,238.231289,out00_bits=0x3fcd16fb05aaa9ff,
rigid7,3,0,Wheelchair_1.3.127_native256,20000000,0,295.506576,out00_bits=0x3fcd16fb05aaa9ff,
rigid7,3,1,GCC_C_v3,20000000,0,238.499191,out00_bits=0x3fcd16fb05aaa9ff,
rigid7,3,2,GFortran_v3,20000000,0,239.468049,out00_bits=0x3FCD16FB05AAA9FF,
rigid7,4,0,GCC_C_v3,20000000,0,238.427341,out00_bits=0x3fcd16fb05aaa9ff,
rigid7,4,1,GFortran_v3,20000000,0,238.697342,out00_bits=0x3FCD16FB05AAA9FF,
rigid7,4,2,Wheelchair_1.3.127_native256,20000000,0,295.224625,out00_bits=0x3fcd16fb05aaa9ff,
rigid7,5,0,GFortran_v3,20000000,0,238.44907,out00_bits=0x3FCD16FB05AAA9FF,
rigid7,5,1,Wheelchair_1.3.127_native256,20000000,0,295.355639,out00_bits=0x3fcd16fb05aaa9ff,
rigid7,5,2,GCC_C_v3,20000000,0,238.324089,out00_bits=0x3fcd16fb05aaa9ff,
rigid7,6,0,Wheelchair_1.3.127_native256,20000000,0,295.431604,out00_bits=0x3fcd16fb05aaa9ff,
rigid7,6,1,GCC_C_v3,20000000,0,238.184138,out00_bits=0x3fcd16fb05aaa9ff,
rigid7,6,2,GFortran_v3,20000000,0,238.320476,out00_bits=0x3FCD16FB05AAA9FF,
rigid7,7,0,GCC_C_v3,20000000,0,238.125122,out00_bits=0x3fcd16fb05aaa9ff,
rigid7,7,1,GFortran_v3,20000000,0,238.496124,out00_bits=0x3FCD16FB05AAA9FF,
rigid7,7,2,Wheelchair_1.3.127_native256,20000000,0,295.094695,out00_bits=0x3fcd16fb05aaa9ff,
rigid7,8,0,GFortran_v3,20000000,0,238.505127,out00_bits=0x3FCD16FB05AAA9FF,
rigid7,8,1,Wheelchair_1.3.127_native256,20000000,0,295.362071,out00_bits=0x3fcd16fb05aaa9ff,
rigid7,8,2,GCC_C_v3,20000000,0,238.052309,out00_bits=0x3fcd16fb05aaa9ff,
rigid7,9,0,Wheelchair_1.3.127_native256,20000000,0,295.276122,out00_bits=0x3fcd16fb05aaa9ff,
rigid7,9,1,GCC_C_v3,20000000,0,238.311411,out00_bits=0x3fcd16fb05aaa9ff,
rigid7,9,2,GFortran_v3,20000000,0,238.496993,out00_bits=0x3FCD16FB05AAA9FF,
rigid7,10,0,GCC_C_v3,20000000,0,238.111796,out00_bits=0x3fcd16fb05aaa9ff,
rigid7,10,1,GFortran_v3,20000000,0,238.33851,out00_bits=0x3FCD16FB05AAA9FF,
rigid7,10,2,Wheelchair_1.3.127_native256,20000000,0,295.400014,out00_bits=0x3fcd16fb05aaa9ff,
rigid7,11,0,GFortran_v3,20000000,0,238.358314,out00_bits=0x3FCD16FB05AAA9FF,
rigid7,11,1,Wheelchair_1.3.127_native256,20000000,0,295.162892,out00_bits=0x3fcd16fb05aaa9ff,
rigid7,11,2,GCC_C_v3,20000000,0,238.15209,out00_bits=0x3fcd16fb05aaa9ff,
rigid7,12,0,Wheelchair_1.3.127_native256,20000000,0,295.254219,out00_bits=0x3fcd16fb05aaa9ff,
rigid7,12,1,GCC_C_v3,20000000,0,238.260244,out00_bits=0x3fcd16fb05aaa9ff,
rigid7,12,2,GFortran_v3,20000000,0,238.499005,out00_bits=0x3FCD16FB05AAA9FF,
rigid7,13,0,GCC_C_v3,20000000,0,238.223909,out00_bits=0x3fcd16fb05aaa9ff,
rigid7,13,1,GFortran_v3,20000000,0,238.346737,out00_bits=0x3FCD16FB05AAA9FF,
rigid7,13,2,Wheelchair_1.3.127_native256,20000000,0,295.177202,out00_bits=0x3fcd16fb05aaa9ff,
rigid7,14,0,GFortran_v3,20000000,0,238.577798,out00_bits=0x3FCD16FB05AAA9FF,
rigid7,14,1,Wheelchair_1.3.127_native256,20000000,0,295.278853,out00_bits=0x3fcd16fb05aaa9ff,
rigid7,14,2,GCC_C_v3,20000000,0,238.287681,out00_bits=0x3fcd16fb05aaa9ff,
