label,compile_ms,returncode,stdout,stderr,command,cwd
plasticity/Wheelchair_1.3.127_v4,1.012058,0,topologyc: emitted structural tensor ELF64 through causal static ownership,,./bin/topologyc devtrash/benchmarks/localized_plasticity_13127/plasticity.whex -o /tmp/wh-paper-v4-3xo35zyq/bin/plasticity/w127,/tmp/wh-paper-v4-3xo35zyq/w1_3_127/Wheelchair-1.3.127
plasticity/Wheelchair_1.3.126_v4,0.797879,0,topologyc: emitted structural tensor ELF64 through causal static ownership,,./bin/topologyc paper_inputs/plasticity.whex -o /tmp/wh-paper-v4-3xo35zyq/bin/plasticity/w126,/tmp/wh-paper-v4-3xo35zyq/w1_3_126/Wheelchair-1.3.126
plasticity/GCC_C_v4,127.257287,0,,,gcc -O3 -march=x86-64-v4 -mtune=generic -fno-fast-math -ffp-contract=off /tmp/wh-paper-v4-3xo35zyq/w1_3_127/Wheelchair-1.3.127/devtrash/benchmarks/localized_plasticity_13127/plasticity.c -lm -o /tmp/wh-paper-v4-3xo35zyq/bin/plasticity/c,
plasticity/GFortran_v4,1844.147843,0,,,gfortran -O3 -march=x86-64-v4 -mtune=generic -fno-fast-math -ffp-contract=off -fprotect-parens /tmp/wh-paper-v4-3xo35zyq/w1_3_127/Wheelchair-1.3.127/devtrash/benchmarks/localized_plasticity_13127/plasticity.f90 -o /tmp/wh-paper-v4-3xo35zyq/bin/plasticity/f,
plasticity/C_ceiling_v4,49.208686,0,,,gcc -O3 -march=x86-64-v4 -mtune=generic -fno-fast-math -ffp-contract=off /tmp/wh-paper-v4-3xo35zyq/w1_3_127/Wheelchair-1.3.127/devtrash/benchmarks/localized_plasticity_13127/plasticity_ceiling.c -lm -o /tmp/wh-paper-v4-3xo35zyq/bin/plasticity/cc,
plasticity/Fortran_ceiling_v4,52.475444,0,,,gfortran -O3 -march=x86-64-v4 -mtune=generic -fno-fast-math -ffp-contract=off -fprotect-parens /tmp/wh-paper-v4-3xo35zyq/w1_3_127/Wheelchair-1.3.127/devtrash/benchmarks/localized_plasticity_13127/plasticity_ceiling.f90 -o /tmp/wh-paper-v4-3xo35zyq/bin/plasticity/fc,
levelset/Wheelchair_1.3.127_v4,0.910116,0,topologyc: emitted structural tensor ELF64 through causal static ownership,,./bin/topologyc devtrash/benchmarks/levelset_regionset_13126/levelset_two_regions.whex -o /tmp/wh-paper-v4-3xo35zyq/bin/levelset/w127,/tmp/wh-paper-v4-3xo35zyq/w1_3_127/Wheelchair-1.3.127
levelset/GCC_C_v4,41.840006,0,,,gcc -O3 -march=x86-64-v4 -mtune=generic -fno-fast-math -ffp-contract=off /tmp/wh-paper-v4-3xo35zyq/w1_3_127/Wheelchair-1.3.127/devtrash/benchmarks/levelset_regionset_13126/levelset.c -lm -o /tmp/wh-paper-v4-3xo35zyq/bin/levelset/c,
levelset/GFortran_v4,44.804573,0,,,gfortran -O3 -march=x86-64-v4 -mtune=generic -fno-fast-math -ffp-contract=off -fprotect-parens /tmp/wh-paper-v4-3xo35zyq/w1_3_127/Wheelchair-1.3.127/devtrash/benchmarks/levelset_regionset_13126/levelset.f90 -o /tmp/wh-paper-v4-3xo35zyq/bin/levelset/f,
levelset/C_ceiling_v4,51.679628,0,,,gcc -O3 -march=x86-64-v4 -mtune=generic -fno-fast-math -ffp-contract=off /tmp/wh-paper-v4-3xo35zyq/w1_3_127/Wheelchair-1.3.127/devtrash/benchmarks/levelset_regionset_13126/levelset_ceiling.c -lm -o /tmp/wh-paper-v4-3xo35zyq/bin/levelset/cc,
levelset/Fortran_ceiling_v4,49.369195,0,,,gfortran -O3 -march=x86-64-v4 -mtune=generic -fno-fast-math -ffp-contract=off -fprotect-parens /tmp/wh-paper-v4-3xo35zyq/w1_3_127/Wheelchair-1.3.127/devtrash/benchmarks/levelset_regionset_13126/levelset_ceiling.f90 -o /tmp/wh-paper-v4-3xo35zyq/bin/levelset/fc,
