workload,rep,order_index,implementation,n,cpu,wall_ms,stdout,stderr
localized_plasticity,0,0,Wheelchair_1.3.127_v4,8000000,0,0.876946,checksum_bits=0x41a3afe47af3fef6,
localized_plasticity,0,1,Wheelchair_1.3.126_v4,8000000,0,6.418365,checksum_bits=0x41a3afe47af3fef6,
localized_plasticity,0,2,GCC_C_v4,8000000,0,7.888915,"checksum=165147197.47655445
checksum_bits=0x41a3afe47af3fef2",
localized_plasticity,0,3,GFortran_v4,8000000,0,8.218957,"checksum= 1.65147197476554453E+08
checksum_bits=0x41A3AFE47AF3FEF2",
localized_plasticity,0,4,C_ceiling_v4,8000000,0,1.199999,"checksum=165147197.47655445
checksum_bits=0x41a3afe47af3fef2",
localized_plasticity,0,5,Fortran_ceiling_v4,8000000,0,1.363391,"checksum= 1.65147197476554453E+08
checksum_bits=0x41A3AFE47AF3FEF2",
localized_plasticity,1,0,Wheelchair_1.3.126_v4,8000000,0,6.433536,checksum_bits=0x41a3afe47af3fef6,
localized_plasticity,1,1,GCC_C_v4,8000000,0,7.908614,"checksum=165147197.47655445
checksum_bits=0x41a3afe47af3fef2",
localized_plasticity,1,2,GFortran_v4,8000000,0,8.203214,"checksum= 1.65147197476554453E+08
checksum_bits=0x41A3AFE47AF3FEF2",
localized_plasticity,1,3,C_ceiling_v4,8000000,0,1.152027,"checksum=165147197.47655445
checksum_bits=0x41a3afe47af3fef2",
localized_plasticity,1,4,Fortran_ceiling_v4,8000000,0,1.372745,"checksum= 1.65147197476554453E+08
checksum_bits=0x41A3AFE47AF3FEF2",
localized_plasticity,1,5,Wheelchair_1.3.127_v4,8000000,0,0.87912,checksum_bits=0x41a3afe47af3fef6,
localized_plasticity,2,0,GCC_C_v4,8000000,0,7.897118,"checksum=165147197.47655445
checksum_bits=0x41a3afe47af3fef2",
localized_plasticity,2,1,GFortran_v4,8000000,0,8.20745,"checksum= 1.65147197476554453E+08
checksum_bits=0x41A3AFE47AF3FEF2",
localized_plasticity,2,2,C_ceiling_v4,8000000,0,1.285526,"checksum=165147197.47655445
checksum_bits=0x41a3afe47af3fef2",
localized_plasticity,2,3,Fortran_ceiling_v4,8000000,0,1.380247,"checksum= 1.65147197476554453E+08
checksum_bits=0x41A3AFE47AF3FEF2",
localized_plasticity,2,4,Wheelchair_1.3.127_v4,8000000,0,0.876586,checksum_bits=0x41a3afe47af3fef6,
localized_plasticity,2,5,Wheelchair_1.3.126_v4,8000000,0,6.447558,checksum_bits=0x41a3afe47af3fef6,
localized_plasticity,3,0,GFortran_v4,8000000,0,8.226588,"checksum= 1.65147197476554453E+08
checksum_bits=0x41A3AFE47AF3FEF2",
localized_plasticity,3,1,C_ceiling_v4,8000000,0,1.16101,"checksum=165147197.47655445
checksum_bits=0x41a3afe47af3fef2",
localized_plasticity,3,2,Fortran_ceiling_v4,8000000,0,1.34922,"checksum= 1.65147197476554453E+08
checksum_bits=0x41A3AFE47AF3FEF2",
localized_plasticity,3,3,Wheelchair_1.3.127_v4,8000000,0,0.861003,checksum_bits=0x41a3afe47af3fef6,
localized_plasticity,3,4,Wheelchair_1.3.126_v4,8000000,0,6.423151,checksum_bits=0x41a3afe47af3fef6,
localized_plasticity,3,5,GCC_C_v4,8000000,0,7.958258,"checksum=165147197.47655445
checksum_bits=0x41a3afe47af3fef2",
localized_plasticity,4,0,C_ceiling_v4,8000000,0,1.152657,"checksum=165147197.47655445
checksum_bits=0x41a3afe47af3fef2",
localized_plasticity,4,1,Fortran_ceiling_v4,8000000,0,1.386166,"checksum= 1.65147197476554453E+08
checksum_bits=0x41A3AFE47AF3FEF2",
localized_plasticity,4,2,Wheelchair_1.3.127_v4,8000000,0,0.863687,checksum_bits=0x41a3afe47af3fef6,
localized_plasticity,4,3,Wheelchair_1.3.126_v4,8000000,0,6.389071,checksum_bits=0x41a3afe47af3fef6,
localized_plasticity,4,4,GCC_C_v4,8000000,0,7.969035,"checksum=165147197.47655445
checksum_bits=0x41a3afe47af3fef2",
localized_plasticity,4,5,GFortran_v4,8000000,0,8.150335,"checksum= 1.65147197476554453E+08
checksum_bits=0x41A3AFE47AF3FEF2",
localized_plasticity,5,0,Fortran_ceiling_v4,8000000,0,1.415369,"checksum= 1.65147197476554453E+08
checksum_bits=0x41A3AFE47AF3FEF2",
localized_plasticity,5,1,Wheelchair_1.3.127_v4,8000000,0,0.853161,checksum_bits=0x41a3afe47af3fef6,
localized_plasticity,5,2,Wheelchair_1.3.126_v4,8000000,0,6.42199,checksum_bits=0x41a3afe47af3fef6,
localized_plasticity,5,3,GCC_C_v4,8000000,0,7.95972,"checksum=165147197.47655445
checksum_bits=0x41a3afe47af3fef2",
localized_plasticity,5,4,GFortran_v4,8000000,0,8.196904,"checksum= 1.65147197476554453E+08
checksum_bits=0x41A3AFE47AF3FEF2",
localized_plasticity,5,5,C_ceiling_v4,8000000,0,1.163724,"checksum=165147197.47655445
checksum_bits=0x41a3afe47af3fef2",
localized_plasticity,6,0,Wheelchair_1.3.127_v4,8000000,0,0.852791,checksum_bits=0x41a3afe47af3fef6,
localized_plasticity,6,1,Wheelchair_1.3.126_v4,8000000,0,6.430833,checksum_bits=0x41a3afe47af3fef6,
localized_plasticity,6,2,GCC_C_v4,8000000,0,7.939911,"checksum=165147197.47655445
checksum_bits=0x41a3afe47af3fef2",
localized_plasticity,6,3,GFortran_v4,8000000,0,8.209714,"checksum= 1.65147197476554453E+08
checksum_bits=0x41A3AFE47AF3FEF2",
localized_plasticity,6,4,C_ceiling_v4,8000000,0,1.14105,"checksum=165147197.47655445
checksum_bits=0x41a3afe47af3fef2",
localized_plasticity,6,5,Fortran_ceiling_v4,8000000,0,1.347969,"checksum= 1.65147197476554453E+08
checksum_bits=0x41A3AFE47AF3FEF2",
localized_plasticity,7,0,Wheelchair_1.3.126_v4,8000000,0,6.457132,checksum_bits=0x41a3afe47af3fef6,
localized_plasticity,7,1,GCC_C_v4,8000000,0,8.009315,"checksum=165147197.47655445
checksum_bits=0x41a3afe47af3fef2",
localized_plasticity,7,2,GFortran_v4,8000000,0,8.20744,"checksum= 1.65147197476554453E+08
checksum_bits=0x41A3AFE47AF3FEF2",
localized_plasticity,7,3,C_ceiling_v4,8000000,0,1.166608,"checksum=165147197.47655445
checksum_bits=0x41a3afe47af3fef2",
localized_plasticity,7,4,Fortran_ceiling_v4,8000000,0,1.366226,"checksum= 1.65147197476554453E+08
checksum_bits=0x41A3AFE47AF3FEF2",
localized_plasticity,7,5,Wheelchair_1.3.127_v4,8000000,0,0.849556,checksum_bits=0x41a3afe47af3fef6,
localized_plasticity,8,0,GCC_C_v4,8000000,0,7.895465,"checksum=165147197.47655445
checksum_bits=0x41a3afe47af3fef2",
localized_plasticity,8,1,GFortran_v4,8000000,0,8.24823,"checksum= 1.65147197476554453E+08
checksum_bits=0x41A3AFE47AF3FEF2",
localized_plasticity,8,2,C_ceiling_v4,8000000,0,1.154801,"checksum=165147197.47655445
checksum_bits=0x41a3afe47af3fef2",
localized_plasticity,8,3,Fortran_ceiling_v4,8000000,0,1.386506,"checksum= 1.65147197476554453E+08
checksum_bits=0x41A3AFE47AF3FEF2",
localized_plasticity,8,4,Wheelchair_1.3.127_v4,8000000,0,0.879381,checksum_bits=0x41a3afe47af3fef6,
localized_plasticity,8,5,Wheelchair_1.3.126_v4,8000000,0,6.429441,checksum_bits=0x41a3afe47af3fef6,
localized_plasticity,9,0,GFortran_v4,8000000,0,8.263573,"checksum= 1.65147197476554453E+08
checksum_bits=0x41A3AFE47AF3FEF2",
localized_plasticity,9,1,C_ceiling_v4,8000000,0,1.150295,"checksum=165147197.47655445
checksum_bits=0x41a3afe47af3fef2",
localized_plasticity,9,2,Fortran_ceiling_v4,8000000,0,1.344824,"checksum= 1.65147197476554453E+08
checksum_bits=0x41A3AFE47AF3FEF2",
localized_plasticity,9,3,Wheelchair_1.3.127_v4,8000000,0,0.864538,checksum_bits=0x41a3afe47af3fef6,
localized_plasticity,9,4,Wheelchair_1.3.126_v4,8000000,0,6.445846,checksum_bits=0x41a3afe47af3fef6,
localized_plasticity,9,5,GCC_C_v4,8000000,0,7.901223,"checksum=165147197.47655445
checksum_bits=0x41a3afe47af3fef2",
localized_plasticity,10,0,C_ceiling_v4,8000000,0,1.137856,"checksum=165147197.47655445
checksum_bits=0x41a3afe47af3fef2",
localized_plasticity,10,1,Fortran_ceiling_v4,8000000,0,1.45629,"checksum= 1.65147197476554453E+08
checksum_bits=0x41A3AFE47AF3FEF2",
localized_plasticity,10,2,Wheelchair_1.3.127_v4,8000000,0,0.864368,checksum_bits=0x41a3afe47af3fef6,
localized_plasticity,10,3,Wheelchair_1.3.126_v4,8000000,0,6.455479,checksum_bits=0x41a3afe47af3fef6,
localized_plasticity,10,4,GCC_C_v4,8000000,0,7.910568,"checksum=165147197.47655445
checksum_bits=0x41a3afe47af3fef2",
localized_plasticity,10,5,GFortran_v4,8000000,0,8.2004,"checksum= 1.65147197476554453E+08
checksum_bits=0x41A3AFE47AF3FEF2",
localized_plasticity,11,0,Fortran_ceiling_v4,8000000,0,1.420787,"checksum= 1.65147197476554453E+08
checksum_bits=0x41A3AFE47AF3FEF2",
localized_plasticity,11,1,Wheelchair_1.3.127_v4,8000000,0,0.860102,checksum_bits=0x41a3afe47af3fef6,
localized_plasticity,11,2,Wheelchair_1.3.126_v4,8000000,0,6.414438,checksum_bits=0x41a3afe47af3fef6,
localized_plasticity,11,3,GCC_C_v4,8000000,0,7.947323,"checksum=165147197.47655445
checksum_bits=0x41a3afe47af3fef2",
localized_plasticity,11,4,GFortran_v4,8000000,0,8.234671,"checksum= 1.65147197476554453E+08
checksum_bits=0x41A3AFE47AF3FEF2",
localized_plasticity,11,5,C_ceiling_v4,8000000,0,1.153349,"checksum=165147197.47655445
checksum_bits=0x41a3afe47af3fef2",
localized_plasticity,12,0,Wheelchair_1.3.127_v4,8000000,0,0.861183,checksum_bits=0x41a3afe47af3fef6,
localized_plasticity,12,1,Wheelchair_1.3.126_v4,8000000,0,6.459205,checksum_bits=0x41a3afe47af3fef6,
localized_plasticity,12,2,GCC_C_v4,8000000,0,7.955705,"checksum=165147197.47655445
checksum_bits=0x41a3afe47af3fef2",
localized_plasticity,12,3,GFortran_v4,8000000,0,8.164647,"checksum= 1.65147197476554453E+08
checksum_bits=0x41A3AFE47AF3FEF2",
localized_plasticity,12,4,C_ceiling_v4,8000000,0,1.148682,"checksum=165147197.47655445
checksum_bits=0x41a3afe47af3fef2",
localized_plasticity,12,5,Fortran_ceiling_v4,8000000,0,1.340227,"checksum= 1.65147197476554453E+08
checksum_bits=0x41A3AFE47AF3FEF2",
localized_plasticity,13,0,Wheelchair_1.3.126_v4,8000000,0,6.419355,checksum_bits=0x41a3afe47af3fef6,
localized_plasticity,13,1,GCC_C_v4,8000000,0,8.002054,"checksum=165147197.47655445
checksum_bits=0x41a3afe47af3fef2",
localized_plasticity,13,2,GFortran_v4,8000000,0,8.193769,"checksum= 1.65147197476554453E+08
checksum_bits=0x41A3AFE47AF3FEF2",
localized_plasticity,13,3,C_ceiling_v4,8000000,0,1.160299,"checksum=165147197.47655445
checksum_bits=0x41a3afe47af3fef2",
localized_plasticity,13,4,Fortran_ceiling_v4,8000000,0,1.393016,"checksum= 1.65147197476554453E+08
checksum_bits=0x41A3AFE47AF3FEF2",
localized_plasticity,13,5,Wheelchair_1.3.127_v4,8000000,0,0.842595,checksum_bits=0x41a3afe47af3fef6,
localized_plasticity,14,0,GCC_C_v4,8000000,0,7.85173,"checksum=165147197.47655445
checksum_bits=0x41a3afe47af3fef2",
localized_plasticity,14,1,GFortran_v4,8000000,0,8.159208,"checksum= 1.65147197476554453E+08
checksum_bits=0x41A3AFE47AF3FEF2",
localized_plasticity,14,2,C_ceiling_v4,8000000,0,1.136243,"checksum=165147197.47655445
checksum_bits=0x41a3afe47af3fef2",
localized_plasticity,14,3,Fortran_ceiling_v4,8000000,0,1.412184,"checksum= 1.65147197476554453E+08
checksum_bits=0x41A3AFE47AF3FEF2",
localized_plasticity,14,4,Wheelchair_1.3.127_v4,8000000,0,0.869625,checksum_bits=0x41a3afe47af3fef6,
localized_plasticity,14,5,Wheelchair_1.3.126_v4,8000000,0,6.505334,checksum_bits=0x41a3afe47af3fef6,
levelset_two_regions,0,0,Wheelchair_1.3.127_v4,8000000,0,0.872019,checksum_bits=0x4077ffffe6d58c8e,
levelset_two_regions,0,1,GCC_C_v4,8000000,0,12.148122,"checksum=383.99997600000148
checksum_bits=0x4077ffffe6d58ca9",
levelset_two_regions,0,2,GFortran_v4,8000000,0,10.45513,"checksum= 3.83999976000001482E+02
checksum_bits=0x4077FFFFE6D58CA9",
levelset_two_regions,0,3,C_ceiling_v4,8000000,0,1.205646,"checksum=383.99997600000148
checksum_bits=0x4077ffffe6d58ca9",
levelset_two_regions,0,4,Fortran_ceiling_v4,8000000,0,1.383051,"checksum= 3.83999976000001482E+02
checksum_bits=0x4077FFFFE6D58CA9",
levelset_two_regions,1,0,GCC_C_v4,8000000,0,12.134722,"checksum=383.99997600000148
checksum_bits=0x4077ffffe6d58ca9",
levelset_two_regions,1,1,GFortran_v4,8000000,0,10.470131,"checksum= 3.83999976000001482E+02
checksum_bits=0x4077FFFFE6D58CA9",
levelset_two_regions,1,2,C_ceiling_v4,8000000,0,1.162673,"checksum=383.99997600000148
checksum_bits=0x4077ffffe6d58ca9",
levelset_two_regions,1,3,Fortran_ceiling_v4,8000000,0,1.36244,"checksum= 3.83999976000001482E+02
checksum_bits=0x4077FFFFE6D58CA9",
levelset_two_regions,1,4,Wheelchair_1.3.127_v4,8000000,0,0.870737,checksum_bits=0x4077ffffe6d58c8e,
levelset_two_regions,2,0,GFortran_v4,8000000,0,10.422491,"checksum= 3.83999976000001482E+02
checksum_bits=0x4077FFFFE6D58CA9",
levelset_two_regions,2,1,C_ceiling_v4,8000000,0,1.196303,"checksum=383.99997600000148
checksum_bits=0x4077ffffe6d58ca9",
levelset_two_regions,2,2,Fortran_ceiling_v4,8000000,0,1.392596,"checksum= 3.83999976000001482E+02
checksum_bits=0x4077FFFFE6D58CA9",
levelset_two_regions,2,3,Wheelchair_1.3.127_v4,8000000,0,0.863647,checksum_bits=0x4077ffffe6d58c8e,
levelset_two_regions,2,4,GCC_C_v4,8000000,0,12.144537,"checksum=383.99997600000148
checksum_bits=0x4077ffffe6d58ca9",
levelset_two_regions,3,0,C_ceiling_v4,8000000,0,1.183484,"checksum=383.99997600000148
checksum_bits=0x4077ffffe6d58ca9",
levelset_two_regions,3,1,Fortran_ceiling_v4,8000000,0,1.360958,"checksum= 3.83999976000001482E+02
checksum_bits=0x4077FFFFE6D58CA9",
levelset_two_regions,3,2,Wheelchair_1.3.127_v4,8000000,0,0.853712,checksum_bits=0x4077ffffe6d58c8e,
levelset_two_regions,3,3,GCC_C_v4,8000000,0,12.045809,"checksum=383.99997600000148
checksum_bits=0x4077ffffe6d58ca9",
levelset_two_regions,3,4,GFortran_v4,8000000,0,10.579995,"checksum= 3.83999976000001482E+02
checksum_bits=0x4077FFFFE6D58CA9",
levelset_two_regions,4,0,Fortran_ceiling_v4,8000000,0,1.433476,"checksum= 3.83999976000001482E+02
checksum_bits=0x4077FFFFE6D58CA9",
levelset_two_regions,4,1,Wheelchair_1.3.127_v4,8000000,0,0.859231,checksum_bits=0x4077ffffe6d58c8e,
levelset_two_regions,4,2,GCC_C_v4,8000000,0,12.134132,"checksum=383.99997600000148
checksum_bits=0x4077ffffe6d58ca9",
levelset_two_regions,4,3,GFortran_v4,8000000,0,10.440838,"checksum= 3.83999976000001482E+02
checksum_bits=0x4077FFFFE6D58CA9",
levelset_two_regions,4,4,C_ceiling_v4,8000000,0,1.162623,"checksum=383.99997600000148
checksum_bits=0x4077ffffe6d58ca9",
levelset_two_regions,5,0,Wheelchair_1.3.127_v4,8000000,0,0.859421,checksum_bits=0x4077ffffe6d58c8e,
levelset_two_regions,5,1,GCC_C_v4,8000000,0,12.216507,"checksum=383.99997600000148
checksum_bits=0x4077ffffe6d58ca9",
levelset_two_regions,5,2,GFortran_v4,8000000,0,10.486495,"checksum= 3.83999976000001482E+02
checksum_bits=0x4077FFFFE6D58CA9",
levelset_two_regions,5,3,C_ceiling_v4,8000000,0,1.212065,"checksum=383.99997600000148
checksum_bits=0x4077ffffe6d58ca9",
levelset_two_regions,5,4,Fortran_ceiling_v4,8000000,0,1.371813,"checksum= 3.83999976000001482E+02
checksum_bits=0x4077FFFFE6D58CA9",
levelset_two_regions,6,0,GCC_C_v4,8000000,0,12.127308,"checksum=383.99997600000148
checksum_bits=0x4077ffffe6d58ca9",
levelset_two_regions,6,1,GFortran_v4,8000000,0,10.434277,"checksum= 3.83999976000001482E+02
checksum_bits=0x4077FFFFE6D58CA9",
levelset_two_regions,6,2,C_ceiling_v4,8000000,0,1.165686,"checksum=383.99997600000148
checksum_bits=0x4077ffffe6d58ca9",
levelset_two_regions,6,3,Fortran_ceiling_v4,8000000,0,1.357481,"checksum= 3.83999976000001482E+02
checksum_bits=0x4077FFFFE6D58CA9",
levelset_two_regions,6,4,Wheelchair_1.3.127_v4,8000000,0,0.861022,checksum_bits=0x4077ffffe6d58c8e,
levelset_two_regions,7,0,GFortran_v4,8000000,0,10.375199,"checksum= 3.83999976000001482E+02
checksum_bits=0x4077FFFFE6D58CA9",
levelset_two_regions,7,1,C_ceiling_v4,8000000,0,1.21552,"checksum=383.99997600000148
checksum_bits=0x4077ffffe6d58ca9",
levelset_two_regions,7,2,Fortran_ceiling_v4,8000000,0,1.354277,"checksum= 3.83999976000001482E+02
checksum_bits=0x4077FFFFE6D58CA9",
levelset_two_regions,7,3,Wheelchair_1.3.127_v4,8000000,0,0.854252,checksum_bits=0x4077ffffe6d58c8e,
levelset_two_regions,7,4,GCC_C_v4,8000000,0,12.118254,"checksum=383.99997600000148
checksum_bits=0x4077ffffe6d58ca9",
levelset_two_regions,8,0,C_ceiling_v4,8000000,0,1.178885,"checksum=383.99997600000148
checksum_bits=0x4077ffffe6d58ca9",
levelset_two_regions,8,1,Fortran_ceiling_v4,8000000,0,1.434255,"checksum= 3.83999976000001482E+02
checksum_bits=0x4077FFFFE6D58CA9",
levelset_two_regions,8,2,Wheelchair_1.3.127_v4,8000000,0,0.848684,checksum_bits=0x4077ffffe6d58c8e,
levelset_two_regions,8,3,GCC_C_v4,8000000,0,12.083843,"checksum=383.99997600000148
checksum_bits=0x4077ffffe6d58ca9",
levelset_two_regions,8,4,GFortran_v4,8000000,0,10.423651,"checksum= 3.83999976000001482E+02
checksum_bits=0x4077FFFFE6D58CA9",
levelset_two_regions,9,0,Fortran_ceiling_v4,8000000,0,1.494115,"checksum= 3.83999976000001482E+02
checksum_bits=0x4077FFFFE6D58CA9",
levelset_two_regions,9,1,Wheelchair_1.3.127_v4,8000000,0,0.85996,checksum_bits=0x4077ffffe6d58c8e,
levelset_two_regions,9,2,GCC_C_v4,8000000,0,12.066988,"checksum=383.99997600000148
checksum_bits=0x4077ffffe6d58ca9",
levelset_two_regions,9,3,GFortran_v4,8000000,0,10.516649,"checksum= 3.83999976000001482E+02
checksum_bits=0x4077FFFFE6D58CA9",
levelset_two_regions,9,4,C_ceiling_v4,8000000,0,1.175881,"checksum=383.99997600000148
checksum_bits=0x4077ffffe6d58ca9",
levelset_two_regions,10,0,Wheelchair_1.3.127_v4,8000000,0,0.888012,checksum_bits=0x4077ffffe6d58c8e,
levelset_two_regions,10,1,GCC_C_v4,8000000,0,12.34353,"checksum=383.99997600000148
checksum_bits=0x4077ffffe6d58ca9",
levelset_two_regions,10,2,GFortran_v4,8000000,0,10.506384,"checksum= 3.83999976000001482E+02
checksum_bits=0x4077FFFFE6D58CA9",
levelset_two_regions,10,3,C_ceiling_v4,8000000,0,1.192316,"checksum=383.99997600000148
checksum_bits=0x4077ffffe6d58ca9",
levelset_two_regions,10,4,Fortran_ceiling_v4,8000000,0,1.378693,"checksum= 3.83999976000001482E+02
checksum_bits=0x4077FFFFE6D58CA9",
levelset_two_regions,11,0,GCC_C_v4,8000000,0,12.104855,"checksum=383.99997600000148
checksum_bits=0x4077ffffe6d58ca9",
levelset_two_regions,11,1,GFortran_v4,8000000,0,10.474397,"checksum= 3.83999976000001482E+02
checksum_bits=0x4077FFFFE6D58CA9",
levelset_two_regions,11,2,C_ceiling_v4,8000000,0,1.177523,"checksum=383.99997600000148
checksum_bits=0x4077ffffe6d58ca9",
levelset_two_regions,11,3,Fortran_ceiling_v4,8000000,0,1.367807,"checksum= 3.83999976000001482E+02
checksum_bits=0x4077FFFFE6D58CA9",
levelset_two_regions,11,4,Wheelchair_1.3.127_v4,8000000,0,0.849365,checksum_bits=0x4077ffffe6d58c8e,
levelset_two_regions,12,0,GFortran_v4,8000000,0,10.386646,"checksum= 3.83999976000001482E+02
checksum_bits=0x4077FFFFE6D58CA9",
levelset_two_regions,12,1,C_ceiling_v4,8000000,0,1.197914,"checksum=383.99997600000148
checksum_bits=0x4077ffffe6d58ca9",
levelset_two_regions,12,2,Fortran_ceiling_v4,8000000,0,1.375969,"checksum= 3.83999976000001482E+02
checksum_bits=0x4077FFFFE6D58CA9",
levelset_two_regions,12,3,Wheelchair_1.3.127_v4,8000000,0,0.882925,checksum_bits=0x4077ffffe6d58c8e,
levelset_two_regions,12,4,GCC_C_v4,8000000,0,12.125536,"checksum=383.99997600000148
checksum_bits=0x4077ffffe6d58ca9",
levelset_two_regions,13,0,C_ceiling_v4,8000000,0,1.183543,"checksum=383.99997600000148
checksum_bits=0x4077ffffe6d58ca9",
levelset_two_regions,13,1,Fortran_ceiling_v4,8000000,0,1.395788,"checksum= 3.83999976000001482E+02
checksum_bits=0x4077FFFFE6D58CA9",
levelset_two_regions,13,2,Wheelchair_1.3.127_v4,8000000,0,0.868764,checksum_bits=0x4077ffffe6d58c8e,
levelset_two_regions,13,3,GCC_C_v4,8000000,0,12.101239,"checksum=383.99997600000148
checksum_bits=0x4077ffffe6d58ca9",
levelset_two_regions,13,4,GFortran_v4,8000000,0,10.445283,"checksum= 3.83999976000001482E+02
checksum_bits=0x4077FFFFE6D58CA9",
levelset_two_regions,14,0,Fortran_ceiling_v4,8000000,0,1.547134,"checksum= 3.83999976000001482E+02
checksum_bits=0x4077FFFFE6D58CA9",
levelset_two_regions,14,1,Wheelchair_1.3.127_v4,8000000,0,0.890476,checksum_bits=0x4077ffffe6d58c8e,
levelset_two_regions,14,2,GCC_C_v4,8000000,0,12.154398,"checksum=383.99997600000148
checksum_bits=0x4077ffffe6d58ca9",
levelset_two_regions,14,3,GFortran_v4,8000000,0,10.400337,"checksum= 3.83999976000001482E+02
checksum_bits=0x4077FFFFE6D58CA9",
levelset_two_regions,14,4,C_ceiling_v4,8000000,0,1.171665,"checksum=383.99997600000148
checksum_bits=0x4077ffffe6d58ca9",
