workload,n,rep,implementation,wall_ms,stdout,stderr
localized_plasticity,1000000,0,Wheelchair_1.3.127_v4,0.851558,checksum_bits=0x41a3afe47af3fef7,
localized_plasticity,1000000,0,Wheelchair_1.3.126_v4,1.540293,checksum_bits=0x41a3afe47af3fef7,
localized_plasticity,1000000,0,GCC_C_v4,1.98753,"checksum=165147197.47655445
checksum_bits=0x41a3afe47af3fef2",
localized_plasticity,1000000,0,C_ceiling_v4,1.129251,"checksum=165147197.47655445
checksum_bits=0x41a3afe47af3fef2",
localized_plasticity,1000000,1,Wheelchair_1.3.126_v4,1.536999,checksum_bits=0x41a3afe47af3fef7,
localized_plasticity,1000000,1,GCC_C_v4,1.954781,"checksum=165147197.47655445
checksum_bits=0x41a3afe47af3fef2",
localized_plasticity,1000000,1,C_ceiling_v4,1.118816,"checksum=165147197.47655445
checksum_bits=0x41a3afe47af3fef2",
localized_plasticity,1000000,1,Wheelchair_1.3.127_v4,0.897316,checksum_bits=0x41a3afe47af3fef7,
localized_plasticity,1000000,2,GCC_C_v4,1.946278,"checksum=165147197.47655445
checksum_bits=0x41a3afe47af3fef2",
localized_plasticity,1000000,2,C_ceiling_v4,1.090945,"checksum=165147197.47655445
checksum_bits=0x41a3afe47af3fef2",
localized_plasticity,1000000,2,Wheelchair_1.3.127_v4,0.843036,checksum_bits=0x41a3afe47af3fef7,
localized_plasticity,1000000,2,Wheelchair_1.3.126_v4,1.524009,checksum_bits=0x41a3afe47af3fef7,
localized_plasticity,1000000,3,C_ceiling_v4,1.108521,"checksum=165147197.47655445
checksum_bits=0x41a3afe47af3fef2",
localized_plasticity,1000000,3,Wheelchair_1.3.127_v4,0.850978,checksum_bits=0x41a3afe47af3fef7,
localized_plasticity,1000000,3,Wheelchair_1.3.126_v4,1.648315,checksum_bits=0x41a3afe47af3fef7,
localized_plasticity,1000000,3,GCC_C_v4,1.960739,"checksum=165147197.47655445
checksum_bits=0x41a3afe47af3fef2",
localized_plasticity,1000000,4,Wheelchair_1.3.127_v4,0.845959,checksum_bits=0x41a3afe47af3fef7,
localized_plasticity,1000000,4,Wheelchair_1.3.126_v4,1.532302,checksum_bits=0x41a3afe47af3fef7,
localized_plasticity,1000000,4,GCC_C_v4,1.935042,"checksum=165147197.47655445
checksum_bits=0x41a3afe47af3fef2",
localized_plasticity,1000000,4,C_ceiling_v4,1.191735,"checksum=165147197.47655445
checksum_bits=0x41a3afe47af3fef2",
localized_plasticity,1000000,5,Wheelchair_1.3.126_v4,1.556007,checksum_bits=0x41a3afe47af3fef7,
localized_plasticity,1000000,5,GCC_C_v4,1.925177,"checksum=165147197.47655445
checksum_bits=0x41a3afe47af3fef2",
localized_plasticity,1000000,5,C_ceiling_v4,1.098776,"checksum=165147197.47655445
checksum_bits=0x41a3afe47af3fef2",
localized_plasticity,1000000,5,Wheelchair_1.3.127_v4,0.850577,checksum_bits=0x41a3afe47af3fef7,
localized_plasticity,1000000,6,GCC_C_v4,1.925637,"checksum=165147197.47655445
checksum_bits=0x41a3afe47af3fef2",
localized_plasticity,1000000,6,C_ceiling_v4,1.212325,"checksum=165147197.47655445
checksum_bits=0x41a3afe47af3fef2",
localized_plasticity,1000000,6,Wheelchair_1.3.127_v4,0.882294,checksum_bits=0x41a3afe47af3fef7,
localized_plasticity,1000000,6,Wheelchair_1.3.126_v4,1.525341,checksum_bits=0x41a3afe47af3fef7,
localized_plasticity,4000000,0,Wheelchair_1.3.127_v4,0.844818,checksum_bits=0x41a3afe47af3fef7,
localized_plasticity,4000000,0,Wheelchair_1.3.126_v4,3.625829,checksum_bits=0x41a3afe47af3fef7,
localized_plasticity,4000000,0,GCC_C_v4,4.522324,"checksum=165147197.47655445
checksum_bits=0x41a3afe47af3fef2",
localized_plasticity,4000000,0,C_ceiling_v4,1.126998,"checksum=165147197.47655445
checksum_bits=0x41a3afe47af3fef2",
localized_plasticity,4000000,1,Wheelchair_1.3.126_v4,3.614782,checksum_bits=0x41a3afe47af3fef7,
localized_plasticity,4000000,1,GCC_C_v4,4.506661,"checksum=165147197.47655445
checksum_bits=0x41a3afe47af3fef2",
localized_plasticity,4000000,1,C_ceiling_v4,1.104645,"checksum=165147197.47655445
checksum_bits=0x41a3afe47af3fef2",
localized_plasticity,4000000,1,Wheelchair_1.3.127_v4,0.858548,checksum_bits=0x41a3afe47af3fef7,
localized_plasticity,4000000,2,GCC_C_v4,4.543105,"checksum=165147197.47655445
checksum_bits=0x41a3afe47af3fef2",
localized_plasticity,4000000,2,C_ceiling_v4,1.103123,"checksum=165147197.47655445
checksum_bits=0x41a3afe47af3fef2",
localized_plasticity,4000000,2,Wheelchair_1.3.127_v4,0.858578,checksum_bits=0x41a3afe47af3fef7,
localized_plasticity,4000000,2,Wheelchair_1.3.126_v4,3.664947,checksum_bits=0x41a3afe47af3fef7,
localized_plasticity,4000000,3,C_ceiling_v4,1.093078,"checksum=165147197.47655445
checksum_bits=0x41a3afe47af3fef2",
localized_plasticity,4000000,3,Wheelchair_1.3.127_v4,0.865639,checksum_bits=0x41a3afe47af3fef7,
localized_plasticity,4000000,3,Wheelchair_1.3.126_v4,3.60634,checksum_bits=0x41a3afe47af3fef7,
localized_plasticity,4000000,3,GCC_C_v4,4.591488,"checksum=165147197.47655445
checksum_bits=0x41a3afe47af3fef2",
localized_plasticity,4000000,4,Wheelchair_1.3.127_v4,0.878097,checksum_bits=0x41a3afe47af3fef7,
localized_plasticity,4000000,4,Wheelchair_1.3.126_v4,3.622835,checksum_bits=0x41a3afe47af3fef7,
localized_plasticity,4000000,4,GCC_C_v4,4.543477,"checksum=165147197.47655445
checksum_bits=0x41a3afe47af3fef2",
localized_plasticity,4000000,4,C_ceiling_v4,1.103864,"checksum=165147197.47655445
checksum_bits=0x41a3afe47af3fef2",
localized_plasticity,4000000,5,Wheelchair_1.3.126_v4,3.696976,checksum_bits=0x41a3afe47af3fef7,
localized_plasticity,4000000,5,GCC_C_v4,4.50607,"checksum=165147197.47655445
checksum_bits=0x41a3afe47af3fef2",
localized_plasticity,4000000,5,C_ceiling_v4,1.12165,"checksum=165147197.47655445
checksum_bits=0x41a3afe47af3fef2",
localized_plasticity,4000000,5,Wheelchair_1.3.127_v4,0.834273,checksum_bits=0x41a3afe47af3fef7,
localized_plasticity,4000000,6,GCC_C_v4,4.541984,"checksum=165147197.47655445
checksum_bits=0x41a3afe47af3fef2",
localized_plasticity,4000000,6,C_ceiling_v4,1.115371,"checksum=165147197.47655445
checksum_bits=0x41a3afe47af3fef2",
localized_plasticity,4000000,6,Wheelchair_1.3.127_v4,0.841373,checksum_bits=0x41a3afe47af3fef7,
localized_plasticity,4000000,6,Wheelchair_1.3.126_v4,3.662484,checksum_bits=0x41a3afe47af3fef7,
localized_plasticity,8000000,0,Wheelchair_1.3.127_v4,0.862144,checksum_bits=0x41a3afe47af3fef6,
localized_plasticity,8000000,0,Wheelchair_1.3.126_v4,6.4394,checksum_bits=0x41a3afe47af3fef6,
localized_plasticity,8000000,0,GCC_C_v4,7.888528,"checksum=165147197.47655445
checksum_bits=0x41a3afe47af3fef2",
localized_plasticity,8000000,0,C_ceiling_v4,1.121099,"checksum=165147197.47655445
checksum_bits=0x41a3afe47af3fef2",
localized_plasticity,8000000,1,Wheelchair_1.3.126_v4,6.469074,checksum_bits=0x41a3afe47af3fef6,
localized_plasticity,8000000,1,GCC_C_v4,7.890281,"checksum=165147197.47655445
checksum_bits=0x41a3afe47af3fef2",
localized_plasticity,8000000,1,C_ceiling_v4,1.124003,"checksum=165147197.47655445
checksum_bits=0x41a3afe47af3fef2",
localized_plasticity,8000000,1,Wheelchair_1.3.127_v4,0.853411,checksum_bits=0x41a3afe47af3fef6,
localized_plasticity,8000000,2,GCC_C_v4,7.898272,"checksum=165147197.47655445
checksum_bits=0x41a3afe47af3fef2",
localized_plasticity,8000000,2,C_ceiling_v4,1.144013,"checksum=165147197.47655445
checksum_bits=0x41a3afe47af3fef2",
localized_plasticity,8000000,2,Wheelchair_1.3.127_v4,0.851799,checksum_bits=0x41a3afe47af3fef6,
localized_plasticity,8000000,2,Wheelchair_1.3.126_v4,6.422174,checksum_bits=0x41a3afe47af3fef6,
localized_plasticity,8000000,3,C_ceiling_v4,1.112827,"checksum=165147197.47655445
checksum_bits=0x41a3afe47af3fef2",
localized_plasticity,8000000,3,Wheelchair_1.3.127_v4,0.8593,checksum_bits=0x41a3afe47af3fef6,
localized_plasticity,8000000,3,Wheelchair_1.3.126_v4,6.46685,checksum_bits=0x41a3afe47af3fef6,
localized_plasticity,8000000,3,GCC_C_v4,7.92383,"checksum=165147197.47655445
checksum_bits=0x41a3afe47af3fef2",
localized_plasticity,8000000,4,Wheelchair_1.3.127_v4,0.879019,checksum_bits=0x41a3afe47af3fef6,
localized_plasticity,8000000,4,Wheelchair_1.3.126_v4,6.562132,checksum_bits=0x41a3afe47af3fef6,
localized_plasticity,8000000,4,GCC_C_v4,7.911342,"checksum=165147197.47655445
checksum_bits=0x41a3afe47af3fef2",
localized_plasticity,8000000,4,C_ceiling_v4,1.132136,"checksum=165147197.47655445
checksum_bits=0x41a3afe47af3fef2",
localized_plasticity,8000000,5,Wheelchair_1.3.126_v4,6.42572,checksum_bits=0x41a3afe47af3fef6,
localized_plasticity,8000000,5,GCC_C_v4,7.904591,"checksum=165147197.47655445
checksum_bits=0x41a3afe47af3fef2",
localized_plasticity,8000000,5,C_ceiling_v4,1.139988,"checksum=165147197.47655445
checksum_bits=0x41a3afe47af3fef2",
localized_plasticity,8000000,5,Wheelchair_1.3.127_v4,0.847643,checksum_bits=0x41a3afe47af3fef6,
localized_plasticity,8000000,6,GCC_C_v4,7.905874,"checksum=165147197.47655445
checksum_bits=0x41a3afe47af3fef2",
localized_plasticity,8000000,6,C_ceiling_v4,1.178885,"checksum=165147197.47655445
checksum_bits=0x41a3afe47af3fef2",
localized_plasticity,8000000,6,Wheelchair_1.3.127_v4,0.899289,checksum_bits=0x41a3afe47af3fef6,
localized_plasticity,8000000,6,Wheelchair_1.3.126_v4,6.414273,checksum_bits=0x41a3afe47af3fef6,
localized_plasticity,16000000,0,Wheelchair_1.3.127_v4,0.849566,checksum_bits=0x41a3afe47af3fef6,
localized_plasticity,16000000,0,Wheelchair_1.3.126_v4,11.991268,checksum_bits=0x41a3afe47af3fef6,
localized_plasticity,16000000,0,GCC_C_v4,14.692982,"checksum=165147197.47655445
checksum_bits=0x41a3afe47af3fef2",
localized_plasticity,16000000,0,C_ceiling_v4,1.179456,"checksum=165147197.47655445
checksum_bits=0x41a3afe47af3fef2",
localized_plasticity,16000000,1,Wheelchair_1.3.126_v4,11.958038,checksum_bits=0x41a3afe47af3fef6,
localized_plasticity,16000000,1,GCC_C_v4,14.697458,"checksum=165147197.47655445
checksum_bits=0x41a3afe47af3fef2",
localized_plasticity,16000000,1,C_ceiling_v4,1.170403,"checksum=165147197.47655445
checksum_bits=0x41a3afe47af3fef2",
localized_plasticity,16000000,1,Wheelchair_1.3.127_v4,0.872059,checksum_bits=0x41a3afe47af3fef6,
localized_plasticity,16000000,2,GCC_C_v4,14.619352,"checksum=165147197.47655445
checksum_bits=0x41a3afe47af3fef2",
localized_plasticity,16000000,2,C_ceiling_v4,1.196072,"checksum=165147197.47655445
checksum_bits=0x41a3afe47af3fef2",
localized_plasticity,16000000,2,Wheelchair_1.3.127_v4,0.838228,checksum_bits=0x41a3afe47af3fef6,
localized_plasticity,16000000,2,Wheelchair_1.3.126_v4,12.028493,checksum_bits=0x41a3afe47af3fef6,
localized_plasticity,16000000,3,C_ceiling_v4,1.150924,"checksum=165147197.47655445
checksum_bits=0x41a3afe47af3fef2",
localized_plasticity,16000000,3,Wheelchair_1.3.127_v4,0.852479,checksum_bits=0x41a3afe47af3fef6,
localized_plasticity,16000000,3,Wheelchair_1.3.126_v4,12.008935,checksum_bits=0x41a3afe47af3fef6,
localized_plasticity,16000000,3,GCC_C_v4,14.742615,"checksum=165147197.47655445
checksum_bits=0x41a3afe47af3fef2",
localized_plasticity,16000000,4,Wheelchair_1.3.127_v4,0.917656,checksum_bits=0x41a3afe47af3fef6,
localized_plasticity,16000000,4,Wheelchair_1.3.126_v4,12.135623,checksum_bits=0x41a3afe47af3fef6,
localized_plasticity,16000000,4,GCC_C_v4,14.664429,"checksum=165147197.47655445
checksum_bits=0x41a3afe47af3fef2",
localized_plasticity,16000000,4,C_ceiling_v4,1.170333,"checksum=165147197.47655445
checksum_bits=0x41a3afe47af3fef2",
localized_plasticity,16000000,5,Wheelchair_1.3.126_v4,12.031658,checksum_bits=0x41a3afe47af3fef6,
localized_plasticity,16000000,5,GCC_C_v4,14.786931,"checksum=165147197.47655445
checksum_bits=0x41a3afe47af3fef2",
localized_plasticity,16000000,5,C_ceiling_v4,1.225064,"checksum=165147197.47655445
checksum_bits=0x41a3afe47af3fef2",
localized_plasticity,16000000,5,Wheelchair_1.3.127_v4,0.861452,checksum_bits=0x41a3afe47af3fef6,
localized_plasticity,16000000,6,GCC_C_v4,14.665591,"checksum=165147197.47655445
checksum_bits=0x41a3afe47af3fef2",
localized_plasticity,16000000,6,C_ceiling_v4,1.186487,"checksum=165147197.47655445
checksum_bits=0x41a3afe47af3fef2",
localized_plasticity,16000000,6,Wheelchair_1.3.127_v4,0.877216,checksum_bits=0x41a3afe47af3fef6,
localized_plasticity,16000000,6,Wheelchair_1.3.126_v4,12.081662,checksum_bits=0x41a3afe47af3fef6,
levelset_two_regions,4000000,0,Wheelchair_1.3.127_v4,0.846571,checksum_bits=0x4067ffffe6d58c8f,
levelset_two_regions,4000000,0,GCC_C_v4,6.595221,"checksum=191.99998799999989
checksum_bits=0x4067ffffe6d58c8b",
levelset_two_regions,4000000,0,C_ceiling_v4,1.147498,"checksum=191.99998799999989
checksum_bits=0x4067ffffe6d58c8b",
levelset_two_regions,4000000,1,GCC_C_v4,6.639408,"checksum=191.99998799999989
checksum_bits=0x4067ffffe6d58c8b",
levelset_two_regions,4000000,1,C_ceiling_v4,1.154329,"checksum=191.99998799999989
checksum_bits=0x4067ffffe6d58c8b",
levelset_two_regions,4000000,1,Wheelchair_1.3.127_v4,0.848233,checksum_bits=0x4067ffffe6d58c8f,
levelset_two_regions,4000000,2,C_ceiling_v4,1.10787,"checksum=191.99998799999989
checksum_bits=0x4067ffffe6d58c8b",
levelset_two_regions,4000000,2,Wheelchair_1.3.127_v4,0.875103,checksum_bits=0x4067ffffe6d58c8f,
levelset_two_regions,4000000,2,GCC_C_v4,6.683042,"checksum=191.99998799999989
checksum_bits=0x4067ffffe6d58c8b",
levelset_two_regions,4000000,3,Wheelchair_1.3.127_v4,0.885348,checksum_bits=0x4067ffffe6d58c8f,
levelset_two_regions,4000000,3,GCC_C_v4,6.617224,"checksum=191.99998799999989
checksum_bits=0x4067ffffe6d58c8b",
levelset_two_regions,4000000,3,C_ceiling_v4,1.145516,"checksum=191.99998799999989
checksum_bits=0x4067ffffe6d58c8b",
levelset_two_regions,4000000,4,GCC_C_v4,6.684855,"checksum=191.99998799999989
checksum_bits=0x4067ffffe6d58c8b",
levelset_two_regions,4000000,4,C_ceiling_v4,1.132406,"checksum=191.99998799999989
checksum_bits=0x4067ffffe6d58c8b",
levelset_two_regions,4000000,4,Wheelchair_1.3.127_v4,0.862544,checksum_bits=0x4067ffffe6d58c8f,
levelset_two_regions,4000000,5,C_ceiling_v4,1.147418,"checksum=191.99998799999989
checksum_bits=0x4067ffffe6d58c8b",
levelset_two_regions,4000000,5,Wheelchair_1.3.127_v4,0.834473,checksum_bits=0x4067ffffe6d58c8f,
levelset_two_regions,4000000,5,GCC_C_v4,6.639658,"checksum=191.99998799999989
checksum_bits=0x4067ffffe6d58c8b",
levelset_two_regions,4000000,6,Wheelchair_1.3.127_v4,0.871778,checksum_bits=0x4067ffffe6d58c8f,
levelset_two_regions,4000000,6,GCC_C_v4,6.577826,"checksum=191.99998799999989
checksum_bits=0x4067ffffe6d58c8b",
levelset_two_regions,4000000,6,C_ceiling_v4,1.206517,"checksum=191.99998799999989
checksum_bits=0x4067ffffe6d58c8b",
levelset_two_regions,8000000,0,Wheelchair_1.3.127_v4,0.923615,checksum_bits=0x4077ffffe6d58c8e,
levelset_two_regions,8000000,0,GCC_C_v4,12.320418,"checksum=383.99997600000148
checksum_bits=0x4077ffffe6d58ca9",
levelset_two_regions,8000000,0,C_ceiling_v4,1.157564,"checksum=383.99997600000148
checksum_bits=0x4077ffffe6d58ca9",
levelset_two_regions,8000000,1,GCC_C_v4,12.091357,"checksum=383.99997600000148
checksum_bits=0x4077ffffe6d58ca9",
levelset_two_regions,8000000,1,C_ceiling_v4,1.210442,"checksum=383.99997600000148
checksum_bits=0x4077ffffe6d58ca9",
levelset_two_regions,8000000,1,Wheelchair_1.3.127_v4,0.868173,checksum_bits=0x4077ffffe6d58c8e,
levelset_two_regions,8000000,2,C_ceiling_v4,1.150624,"checksum=383.99997600000148
checksum_bits=0x4077ffffe6d58ca9",
levelset_two_regions,8000000,2,Wheelchair_1.3.127_v4,0.853341,checksum_bits=0x4077ffffe6d58c8e,
levelset_two_regions,8000000,2,GCC_C_v4,12.122464,"checksum=383.99997600000148
checksum_bits=0x4077ffffe6d58ca9",
levelset_two_regions,8000000,3,Wheelchair_1.3.127_v4,0.922243,checksum_bits=0x4077ffffe6d58c8e,
levelset_two_regions,8000000,3,GCC_C_v4,12.191616,"checksum=383.99997600000148
checksum_bits=0x4077ffffe6d58ca9",
levelset_two_regions,8000000,3,C_ceiling_v4,1.172005,"checksum=383.99997600000148
checksum_bits=0x4077ffffe6d58ca9",
levelset_two_regions,8000000,4,GCC_C_v4,12.110675,"checksum=383.99997600000148
checksum_bits=0x4077ffffe6d58ca9",
levelset_two_regions,8000000,4,C_ceiling_v4,1.184094,"checksum=383.99997600000148
checksum_bits=0x4077ffffe6d58ca9",
levelset_two_regions,8000000,4,Wheelchair_1.3.127_v4,0.852029,checksum_bits=0x4077ffffe6d58c8e,
levelset_two_regions,8000000,5,C_ceiling_v4,1.12113,"checksum=383.99997600000148
checksum_bits=0x4077ffffe6d58ca9",
levelset_two_regions,8000000,5,Wheelchair_1.3.127_v4,0.850877,checksum_bits=0x4077ffffe6d58c8e,
levelset_two_regions,8000000,5,GCC_C_v4,12.134021,"checksum=383.99997600000148
checksum_bits=0x4077ffffe6d58ca9",
levelset_two_regions,8000000,6,Wheelchair_1.3.127_v4,0.889484,checksum_bits=0x4077ffffe6d58c8e,
levelset_two_regions,8000000,6,GCC_C_v4,12.149203,"checksum=383.99997600000148
checksum_bits=0x4077ffffe6d58ca9",
levelset_two_regions,8000000,6,C_ceiling_v4,1.164354,"checksum=383.99997600000148
checksum_bits=0x4077ffffe6d58ca9",
levelset_two_regions,16000000,0,Wheelchair_1.3.127_v4,0.858629,checksum_bits=0x4077ffffe6d58c8e,
levelset_two_regions,16000000,0,GCC_C_v4,23.034975,"checksum=383.99997600000148
checksum_bits=0x4077ffffe6d58ca9",
levelset_two_regions,16000000,0,C_ceiling_v4,1.219997,"checksum=383.99997600000148
checksum_bits=0x4077ffffe6d58ca9",
levelset_two_regions,16000000,1,GCC_C_v4,23.129365,"checksum=383.99997600000148
checksum_bits=0x4077ffffe6d58ca9",
levelset_two_regions,16000000,1,C_ceiling_v4,1.218845,"checksum=383.99997600000148
checksum_bits=0x4077ffffe6d58ca9",
levelset_two_regions,16000000,1,Wheelchair_1.3.127_v4,0.851719,checksum_bits=0x4077ffffe6d58c8e,
levelset_two_regions,16000000,2,C_ceiling_v4,1.155291,"checksum=383.99997600000148
checksum_bits=0x4077ffffe6d58ca9",
levelset_two_regions,16000000,2,Wheelchair_1.3.127_v4,0.864417,checksum_bits=0x4077ffffe6d58c8e,
levelset_two_regions,16000000,2,GCC_C_v4,23.125128,"checksum=383.99997600000148
checksum_bits=0x4077ffffe6d58ca9",
levelset_two_regions,16000000,3,Wheelchair_1.3.127_v4,0.969003,checksum_bits=0x4077ffffe6d58c8e,
levelset_two_regions,16000000,3,GCC_C_v4,23.024629,"checksum=383.99997600000148
checksum_bits=0x4077ffffe6d58ca9",
levelset_two_regions,16000000,3,C_ceiling_v4,1.226226,"checksum=383.99997600000148
checksum_bits=0x4077ffffe6d58ca9",
levelset_two_regions,16000000,4,GCC_C_v4,23.042946,"checksum=383.99997600000148
checksum_bits=0x4077ffffe6d58ca9",
levelset_two_regions,16000000,4,C_ceiling_v4,1.230152,"checksum=383.99997600000148
checksum_bits=0x4077ffffe6d58ca9",
levelset_two_regions,16000000,4,Wheelchair_1.3.127_v4,0.867883,checksum_bits=0x4077ffffe6d58c8e,
levelset_two_regions,16000000,5,C_ceiling_v4,1.129041,"checksum=383.99997600000148
checksum_bits=0x4077ffffe6d58ca9",
levelset_two_regions,16000000,5,Wheelchair_1.3.127_v4,0.853671,checksum_bits=0x4077ffffe6d58c8e,
levelset_two_regions,16000000,5,GCC_C_v4,23.088755,"checksum=383.99997600000148
checksum_bits=0x4077ffffe6d58ca9",
levelset_two_regions,16000000,6,Wheelchair_1.3.127_v4,0.941953,checksum_bits=0x4077ffffe6d58c8e,
levelset_two_regions,16000000,6,GCC_C_v4,23.108133,"checksum=383.99997600000148
checksum_bits=0x4077ffffe6d58ca9",
levelset_two_regions,16000000,6,C_ceiling_v4,1.361858,"checksum=383.99997600000148
checksum_bits=0x4077ffffe6d58ca9",
