workload,n,implementation,reps,median_ms,mad_ms
levelset_two_regions,4000000,C_ceiling_v4,7,1.147418,0.0069109999999998895
levelset_two_regions,4000000,GCC_C_v4,7,6.639408,0.04363399999999995
levelset_two_regions,4000000,Wheelchair_1.3.127_v4,7,0.862544,0.014310999999999963
levelset_two_regions,8000000,C_ceiling_v4,7,1.164354,0.013729999999999798
levelset_two_regions,8000000,GCC_C_v4,7,12.134021,0.02334600000000009
levelset_two_regions,8000000,Wheelchair_1.3.127_v4,7,0.868173,0.017295999999999978
levelset_two_regions,16000000,C_ceiling_v4,7,1.219997,0.010154999999999914
levelset_two_regions,16000000,GCC_C_v4,7,23.088755,0.04061000000000092
levelset_two_regions,16000000,Wheelchair_1.3.127_v4,7,0.864417,0.010746000000000033
localized_plasticity,1000000,C_ceiling_v4,7,1.118816,0.020040000000000058
localized_plasticity,1000000,GCC_C_v4,7,1.946278,0.014461000000000057
localized_plasticity,1000000,Wheelchair_1.3.126_v4,7,1.536999,0.011657999999999946
localized_plasticity,1000000,Wheelchair_1.3.127_v4,7,0.850978,0.005018999999999996
localized_plasticity,4000000,C_ceiling_v4,7,1.104645,0.010725999999999791
localized_plasticity,4000000,GCC_C_v4,7,4.541984,0.01966000000000001
localized_plasticity,4000000,Wheelchair_1.3.126_v4,7,3.625829,0.01948900000000009
localized_plasticity,4000000,Wheelchair_1.3.127_v4,7,0.858548,0.01373000000000002
localized_plasticity,8000000,C_ceiling_v4,7,1.132136,0.011036999999999964
localized_plasticity,8000000,GCC_C_v4,7,7.904591,0.006751000000000396
localized_plasticity,8000000,Wheelchair_1.3.126_v4,7,6.4394,0.025127000000000344
localized_plasticity,8000000,Wheelchair_1.3.127_v4,7,0.8593,0.00750099999999998
localized_plasticity,16000000,C_ceiling_v4,7,1.179456,0.009122999999999992
localized_plasticity,16000000,GCC_C_v4,7,14.692982,0.028553000000000495
localized_plasticity,16000000,Wheelchair_1.3.126_v4,7,12.028493,0.0372249999999994
localized_plasticity,16000000,Wheelchair_1.3.127_v4,7,0.861452,0.011885999999999952
