workload,implementation,reps,min_ms,median_ms,mean_ms,max_ms,stdev_ms,mad_ms,time_over_C,speedup_over_C,unique_stdout
localized_plasticity,Wheelchair_1.3.127_v4,15,0.842595,0.863687,0.8636428,0.879381,0.010842773699258573,0.010526000000000035,0.10877791955098741,9.193042155317842,"[""checksum_bits=0x41a3afe47af3fef6""]"
localized_plasticity,Wheelchair_1.3.126_v4,15,6.389071,6.430833,6.4367156,6.505334,0.02593194295021752,0.01501300000000061,0.8099376680670601,1.2346629122541357,"[""checksum_bits=0x41a3afe47af3fef6""]"
localized_plasticity,GCC_C_v4,15,7.85173,7.939911,7.9329969333333334,8.009315,0.04271116254324579,0.03129700000000035,1.0,1.0,"[""checksum=165147197.47655445\nchecksum_bits=0x41a3afe47af3fef2""]"
localized_plasticity,GFortran_v4,15,8.150335,8.20744,8.205673333333333,8.263573,0.03032906061116214,0.013671000000000433,1.0336942063960162,0.9674040870234811,"[""checksum= 1.65147197476554453E+08\nchecksum_bits=0x41A3AFE47AF3FEF2""]"
localized_plasticity,C_ceiling_v4,15,1.136243,1.153349,1.1642750666666666,1.285526,0.035558486382234494,0.00766100000000014,0.14525968867913003,6.884222381950304,"[""checksum=165147197.47655445\nchecksum_bits=0x41a3afe47af3fef2""]"
localized_plasticity,Fortran_ceiling_v4,15,1.340227,1.380247,1.3823444666666667,1.45629,0.031883903286489615,0.031026999999999916,0.1738365833067902,5.7525290763175,"[""checksum= 1.65147197476554453E+08\nchecksum_bits=0x41A3AFE47AF3FEF2""]"
levelset_two_regions,Wheelchair_1.3.127_v4,15,0.848684,0.861022,0.8654818,0.890476,0.012790143148534345,0.007742000000000027,0.0709986090895028,14.084782967218027,"[""checksum_bits=0x4077ffffe6d58c8e""]"
levelset_two_regions,GCC_C_v4,15,12.045809,12.127308,12.136652,12.34353,0.06752918571501744,0.022452999999998724,1.0,1.0,"[""checksum=383.99997600000148\nchecksum_bits=0x4077ffffe6d58ca9""]"
levelset_two_regions,GFortran_v4,15,10.375199,10.445283,10.454526866666667,10.579995,0.05193006963197923,0.029113999999999862,0.8613026897642907,1.1610320179931937,"[""checksum= 3.83999976000001482E+02\nchecksum_bits=0x4077FFFFE6D58CA9""]"
levelset_two_regions,C_ceiling_v4,15,1.162623,1.183484,1.1854484666666667,1.21552,0.016665797442133437,0.012818999999999914,0.09758835184197516,10.247124591460468,"[""checksum=383.99997600000148\nchecksum_bits=0x4077ffffe6d58ca9""]"
levelset_two_regions,Fortran_ceiling_v4,15,1.354277,1.378693,1.4006568666666666,1.547134,0.05344736620747142,0.017095000000000082,0.11368499917706386,8.796235275003209,"[""checksum= 3.83999976000001482E+02\nchecksum_bits=0x4077FFFFE6D58CA9""]"
