n,q,bits,Wheelchair_1_2_13_ms,Wheelchair_1_2_14_ms,speedup_1214_vs_1213
2048,1,0x4150eb05c0000000,20.733499,11.76665,1.7620562352071318
4096,1,0x4160eb05c0000000,42.372918,23.402593,1.8106078245261112
8192,1,0x4170eb05c0000000,81.347228,46.947399,1.7327313063712009
2048,2,0x4150eb05c0000000,11.035663,6.757607,1.6330726246732015
4096,2,0x4160eb05c0000000,21.146889,12.482294,1.6941508507971372
8192,2,0x4170eb05c0000000,41.89443,24.387045,1.7178969407732672
2048,4,0x4150eb05c0000000,10.294331,6.189804,1.66311098057386
4096,4,0x4160eb05c0000000,12.178617,7.016234,1.7357769139398713
8192,4,0x4170eb05c0000000,22.287881,12.711577,1.7533529474745737
