n,interactions,q,bits,Wheelchair_ms,C_ms,Fortran_ms,Taichi_ms,WH_over_C,Fortran_over_C,Taichi_over_C,WH_over_Fortran,WH_over_Taichi
2048,33554432,1,0x4150eb05c0000000,12.113412061315508,8.29833577202152,14.8193647679965,12.796609159234489,1.4597399278728647,1.7858237091298634,1.5420693390570246,0.8174042714351228,0.946611083497384
4096,67108864,1,0x4160eb05c0000000,23.86459867942193,15.144029548874567,27.850773267868526,26.640630340514093,1.5758420572545329,1.839059622670788,1.7591507104853674,0.8568738271606465,0.8957970729066994
8192,134217728,1,0x4170eb05c0000000,46.3695680631798,28.430607544919614,53.62349829208157,51.19816666329009,1.6309735199966127,1.886118620833475,1.8008115578394985,0.8647247855895119,0.9056880565301086
2048,33554432,2,0x4150eb05c0000000,6.8487792313585345,5.429566159389348,8.751595569535878,6.805254747756325,1.2613860905838565,1.6118406724636267,1.2533698914393,0.7825749232744476,1.0063957170180233
4096,67108864,2,0x4160eb05c0000000,13.127235915466057,11.984355952173983,15.134624112342532,13.73311490422679,1.0953643206070456,1.262865036113775,1.1459201444809872,0.8673645158296719,0.955881896205918
8192,134217728,2,0x4170eb05c0000000,25.625155658854954,15.964048274622323,29.646895699686755,27.2964862443949,1.6051790384266544,1.8571038617325992,1.709872444308972,0.8643453236530834,0.9387712187357764
2048,33554432,4,0x4150eb05c0000000,4.242346681002626,3.551107261107724,5.684702290338518,5.159611251959686,1.1946546158899405,1.6008252841580588,1.452958435941529,0.7462742047569916,0.8222221547003815
4096,67108864,4,0x4160eb05c0000000,8.096996172340889,5.373247889418466,11.005493304088873,7.8561707842463555,1.506909105810342,2.0482012984664237,1.4620897725037976,0.7357231473970013,1.0306542964388516
8192,134217728,4,0x4170eb05c0000000,13.376312042048323,10.683743377101585,16.645093107521358,14.292424341686088,1.2520248352948748,1.5579832386461756,1.3377730854448424,0.8036189377639478,0.9359022459915509
