n,interactions,q,bits,Wheelchair_ms,C_ms,Fortran_ms,Taichi_ms
2048,33554432,1,0x4150eb05c0000000,12.346779,8.433159,15.126108,12.895652
4096,67108864,1,0x4160eb05c0000000,24.221901,15.508766,28.30463,27.67507
8192,134217728,1,0x4170eb05c0000000,46.071464,27.666868,54.716245,52.095509
2048,33554432,2,0x4150eb05c0000000,7.283836,5.218913,9.12767,7.16361
4096,67108864,2,0x4160eb05c0000000,13.675382,9.336824,15.437204,13.851816
8192,134217728,2,0x4170eb05c0000000,26.715941,15.763734,30.618165,28.058476
2048,33554432,4,0x4150eb05c0000000,4.399329,3.831777,5.77303,6.633971
4096,67108864,4,0x4160eb05c0000000,9.421151,5.636895,13.496745,8.369073
8192,134217728,4,0x4170eb05c0000000,13.568703,12.937054,16.579213,15.098757
