implementation,round,wall_ms,cpu_ms,slot_occupancy_pct,taskmanager_pct,pids,checksum,rc
Wheelchair Strict,1,55.220959,130.0,58.854465022963474,47.08357201837077,4,checksum_bits=0x416f48e8e5840000,0
C Strict,1,178.709311,650.0,90.92978932698139,72.7438314615851,1,checksum_bits=0x416f48e8e5840000,0
Fortran Strict,1,232.242983,780.0,83.96378546343422,67.17102837074738,1,checksum_bits=0x416F48E8E5840000,0
Wheelchair Tolerance,1,29.643517,80.0,67.46837765572823,53.9747021245826,4,checksum_bits=0x416f48e8e5840000,0
C Fast,1,222.707944,770.0,86.4360725273455,69.1488580218764,1,checksum_bits=0x416f48e8e5840000,0
Fortran Fast,1,160.467319,600.0,93.47697770160913,74.7815821612873,1,checksum_bits=0x416F48E8E5840000,0
C Strict,2,172.7709,660.0,95.50219394585547,76.40175515668437,1,checksum_bits=0x416f48e8e5840000,0
Fortran Strict,2,231.177033,800.0,86.51378443809338,69.21102755047471,1,checksum_bits=0x416F48E8E5840000,0
Wheelchair Tolerance,2,30.960231,80.0,64.59900121546251,51.67920097237001,4,checksum_bits=0x416f48e8e5840000,0
C Fast,2,204.538521,730.0,89.22524672015204,71.38019737612163,1,checksum_bits=0x416f48e8e5840000,0
Fortran Fast,2,217.669574,720.0,82.69414814952502,66.15531851962001,1,checksum_bits=0x416F48E8E5840000,0
Wheelchair Strict,2,51.845104,120.0,57.86467320038552,46.29173856030841,4,checksum_bits=0x416f48e8e5840000,0
Fortran Strict,3,159.334689,610.0,95.71048273110195,76.56838618488155,1,checksum_bits=0x416F48E8E5840000,0
Wheelchair Tolerance,3,29.747003,80.0,67.23366384169861,53.78693107335888,4,checksum_bits=0x416f48e8e5840000,0
C Fast,3,177.34176,650.0,91.63098415173053,73.30478732138442,1,checksum_bits=0x416f48e8e5840000,0
Fortran Fast,3,162.895969,610.0,93.61803176357297,74.89442541085837,1,checksum_bits=0x416F48E8E5840000,0
Wheelchair Strict,3,51.730741,120.0,57.99259670376653,46.39407736301322,4,checksum_bits=0x416f48e8e5840000,0
C Strict,3,171.173649,650.0,94.93283630355978,75.94626904284782,1,checksum_bits=0x416f48e8e5840000,0
Wheelchair Tolerance,4,29.754585,80.0,67.2165315026239,53.773225202099106,4,checksum_bits=0x416f48e8e5840000,0
C Fast,4,175.849704,650.0,92.40845807735906,73.92676646188725,1,checksum_bits=0x416f48e8e5840000,0
Fortran Fast,4,195.657343,680.0,86.88659336440033,69.50927469152028,1,checksum_bits=0x416F48E8E5840000,0
Wheelchair Strict,4,52.621183,120.0,57.011261035313474,45.609008828250786,4,checksum_bits=0x416f48e8e5840000,0
C Strict,4,192.997767,700.0,90.67462423023785,72.53969938419029,1,checksum_bits=0x416f48e8e5840000,0
Fortran Strict,4,203.130087,680.0,83.69021178039469,66.95216942431576,1,checksum_bits=0x416F48E8E5840000,0
C Fast,5,208.127379,730.0,87.68668537357595,70.14934829886079,1,checksum_bits=0x416f48e8e5840000,0
Fortran Fast,5,221.882026,740.0,83.37764141382051,66.70211313105642,1,checksum_bits=0x416F48E8E5840000,0
Wheelchair Strict,5,70.31293,160.0,56.88854098385603,45.51083278708482,4,checksum_bits=0x416f48e8e5840000,0
C Strict,5,253.807696,840.0,82.7398078583086,66.19184628664688,1,checksum_bits=0x416f48e8e5840000,0
Fortran Strict,5,287.221253,890.0,77.46641227834209,61.97312982267368,1,checksum_bits=0x416F48E8E5840000,0
Wheelchair Tolerance,5,30.673699,80.0,65.20243939278403,52.161951514227226,4,checksum_bits=0x416f48e8e5840000,0
Fortran Fast,6,271.23461,820.0,75.58032509199325,60.4642600735946,1,checksum_bits=0x416F48E8E5840000,0
Wheelchair Strict,6,53.160075,120.00000000000001,56.43332895975035,45.146663167800284,4,checksum_bits=0x416f48e8e5840000,0
C Strict,6,283.157045,920.0,81.22700955577497,64.98160764461997,1,checksum_bits=0x416f48e8e5840000,0
Fortran Strict,6,202.466993,660.0,81.49476492694293,65.19581194155435,1,checksum_bits=0x416F48E8E5840000,0
Wheelchair Tolerance,6,46.160279,120.0,64.99094167086815,51.99275333669452,4,checksum_bits=0x416f48e8e5840000,0
C Fast,6,238.762891,810.0,84.81217460212441,67.84973968169953,1,checksum_bits=0x416f48e8e5840000,0
Wheelchair Strict,7,63.858086,150.0,58.72396488676469,46.979171909411754,4,checksum_bits=0x416f48e8e5840000,0
C Strict,7,259.066169,850.0,82.02537630453786,65.62030104363029,1,checksum_bits=0x416f48e8e5840000,0
Fortran Strict,7,205.296635,720.0,87.67800797124609,70.14240637699687,1,checksum_bits=0x416F48E8E5840000,0
Wheelchair Tolerance,7,30.938608,80.0,64.64414947175388,51.71531957740309,4,checksum_bits=0x416f48e8e5840000,0
C Fast,7,225.310392,760.0,84.32811212720273,67.46248970176218,1,checksum_bits=0x416f48e8e5840000,0
Fortran Fast,7,190.289878,670.0,88.02359944757546,70.41887955806037,1,checksum_bits=0x416F48E8E5840000,0
