workload,n,rep,order,implementation,wall_ms,stdout
miniAMR_27point,160,0,0,Wheelchair_1.3.127,122.881658,checksum_f32_bits=0x497c6b64
miniAMR_27point,160,0,1,Wheelchair_1.3.128,28.806258,checksum_f32_bits=0x497c6b64
miniAMR_27point,160,0,2,GCC_C_strict_v3,39.023184,checksum_f32_bits=0x497c4ed6
miniAMR_27point,160,1,0,Wheelchair_1.3.128,28.795528,checksum_f32_bits=0x497c6b64
miniAMR_27point,160,1,1,GCC_C_strict_v3,38.77803,checksum_f32_bits=0x497c4ed6
miniAMR_27point,160,1,2,Wheelchair_1.3.127,123.431259,checksum_f32_bits=0x497c6b64
miniAMR_27point,160,2,0,GCC_C_strict_v3,38.760342,checksum_f32_bits=0x497c4ed6
miniAMR_27point,160,2,1,Wheelchair_1.3.127,123.456485,checksum_f32_bits=0x497c6b64
miniAMR_27point,160,2,2,Wheelchair_1.3.128,30.081661,checksum_f32_bits=0x497c6b64
miniAMR_27point,160,3,0,Wheelchair_1.3.127,122.692703,checksum_f32_bits=0x497c6b64
miniAMR_27point,160,3,1,Wheelchair_1.3.128,28.587197,checksum_f32_bits=0x497c6b64
miniAMR_27point,160,3,2,GCC_C_strict_v3,38.775691,checksum_f32_bits=0x497c4ed6
miniAMR_27point,160,4,0,Wheelchair_1.3.128,28.335936,checksum_f32_bits=0x497c6b64
miniAMR_27point,160,4,1,GCC_C_strict_v3,38.390097,checksum_f32_bits=0x497c4ed6
miniAMR_27point,160,4,2,Wheelchair_1.3.127,122.458193,checksum_f32_bits=0x497c6b64
miniAMR_27point,160,5,0,GCC_C_strict_v3,38.703094,checksum_f32_bits=0x497c4ed6
miniAMR_27point,160,5,1,Wheelchair_1.3.127,123.92774,checksum_f32_bits=0x497c6b64
miniAMR_27point,160,5,2,Wheelchair_1.3.128,28.649895,checksum_f32_bits=0x497c6b64
miniAMR_27point,160,6,0,Wheelchair_1.3.127,122.758737,checksum_f32_bits=0x497c6b64
miniAMR_27point,160,6,1,Wheelchair_1.3.128,28.442826,checksum_f32_bits=0x497c6b64
miniAMR_27point,160,6,2,GCC_C_strict_v3,38.448076,checksum_f32_bits=0x497c4ed6
miniAMR_27point,160,7,0,Wheelchair_1.3.128,29.051028,checksum_f32_bits=0x497c6b64
miniAMR_27point,160,7,1,GCC_C_strict_v3,38.51919,checksum_f32_bits=0x497c4ed6
miniAMR_27point,160,7,2,Wheelchair_1.3.127,122.550967,checksum_f32_bits=0x497c6b64
miniAMR_27point,160,8,0,GCC_C_strict_v3,38.719725,checksum_f32_bits=0x497c4ed6
miniAMR_27point,160,8,1,Wheelchair_1.3.127,125.680117,checksum_f32_bits=0x497c6b64
miniAMR_27point,160,8,2,Wheelchair_1.3.128,28.712282,checksum_f32_bits=0x497c6b64
miniAMR_27point,192,0,0,Wheelchair_1.3.127,180.279886,checksum_f32_bits=0x49e16236
miniAMR_27point,192,0,1,Wheelchair_1.3.128,43.186261,checksum_f32_bits=0x49e16236
miniAMR_27point,192,0,2,GCC_C_strict_v3,65.806158,checksum_f32_bits=0x49e134a3
miniAMR_27point,192,1,0,Wheelchair_1.3.128,44.37492,checksum_f32_bits=0x49e16236
miniAMR_27point,192,1,1,GCC_C_strict_v3,65.546891,checksum_f32_bits=0x49e134a3
miniAMR_27point,192,1,2,Wheelchair_1.3.127,180.189659,checksum_f32_bits=0x49e16236
miniAMR_27point,192,2,0,GCC_C_strict_v3,65.69081,checksum_f32_bits=0x49e134a3
miniAMR_27point,192,2,1,Wheelchair_1.3.127,180.159799,checksum_f32_bits=0x49e16236
miniAMR_27point,192,2,2,Wheelchair_1.3.128,44.310255,checksum_f32_bits=0x49e16236
miniAMR_27point,192,3,0,Wheelchair_1.3.127,178.236773,checksum_f32_bits=0x49e16236
miniAMR_27point,192,3,1,Wheelchair_1.3.128,44.359581,checksum_f32_bits=0x49e16236
miniAMR_27point,192,3,2,GCC_C_strict_v3,65.811918,checksum_f32_bits=0x49e134a3
miniAMR_27point,192,4,0,Wheelchair_1.3.128,43.016241,checksum_f32_bits=0x49e16236
miniAMR_27point,192,4,1,GCC_C_strict_v3,65.575124,checksum_f32_bits=0x49e134a3
miniAMR_27point,192,4,2,Wheelchair_1.3.127,178.412423,checksum_f32_bits=0x49e16236
miniAMR_27point,192,5,0,GCC_C_strict_v3,65.74383,checksum_f32_bits=0x49e134a3
miniAMR_27point,192,5,1,Wheelchair_1.3.127,178.712375,checksum_f32_bits=0x49e16236
miniAMR_27point,192,5,2,Wheelchair_1.3.128,43.052701,checksum_f32_bits=0x49e16236
miniAMR_27point,192,6,0,Wheelchair_1.3.127,180.850393,checksum_f32_bits=0x49e16236
miniAMR_27point,192,6,1,Wheelchair_1.3.128,42.97776,checksum_f32_bits=0x49e16236
miniAMR_27point,192,6,2,GCC_C_strict_v3,65.657826,checksum_f32_bits=0x49e134a3
miniAMR_27point,192,7,0,Wheelchair_1.3.128,42.989682,checksum_f32_bits=0x49e16236
miniAMR_27point,192,7,1,GCC_C_strict_v3,65.733845,checksum_f32_bits=0x49e134a3
miniAMR_27point,192,7,2,Wheelchair_1.3.127,178.50543,checksum_f32_bits=0x49e16236
miniAMR_27point,192,8,0,GCC_C_strict_v3,65.742431,checksum_f32_bits=0x49e134a3
miniAMR_27point,192,8,1,Wheelchair_1.3.127,190.720105,checksum_f32_bits=0x49e16236
miniAMR_27point,192,8,2,Wheelchair_1.3.128,44.016241,checksum_f32_bits=0x49e16236
miniAMR_27point,224,0,0,Wheelchair_1.3.127,245.888445,checksum_f32_bits=0x4a328b7a
miniAMR_27point,224,0,1,Wheelchair_1.3.128,61.075752,checksum_f32_bits=0x4a328b7a
miniAMR_27point,224,0,2,GCC_C_strict_v3,103.467785,checksum_f32_bits=0x4a338946
miniAMR_27point,224,1,0,Wheelchair_1.3.128,62.843135,checksum_f32_bits=0x4a328b7a
miniAMR_27point,224,1,1,GCC_C_strict_v3,103.405963,checksum_f32_bits=0x4a338946
miniAMR_27point,224,1,2,Wheelchair_1.3.127,245.551942,checksum_f32_bits=0x4a328b7a
miniAMR_27point,224,2,0,GCC_C_strict_v3,103.440638,checksum_f32_bits=0x4a338946
miniAMR_27point,224,2,1,Wheelchair_1.3.127,245.692734,checksum_f32_bits=0x4a328b7a
miniAMR_27point,224,2,2,Wheelchair_1.3.128,63.244176,checksum_f32_bits=0x4a328b7a
miniAMR_27point,224,3,0,Wheelchair_1.3.127,248.77029,checksum_f32_bits=0x4a328b7a
miniAMR_27point,224,3,1,Wheelchair_1.3.128,65.966226,checksum_f32_bits=0x4a328b7a
miniAMR_27point,224,3,2,GCC_C_strict_v3,103.402647,checksum_f32_bits=0x4a338946
miniAMR_27point,224,4,0,Wheelchair_1.3.128,61.322115,checksum_f32_bits=0x4a328b7a
miniAMR_27point,224,4,1,GCC_C_strict_v3,103.582936,checksum_f32_bits=0x4a338946
miniAMR_27point,224,4,2,Wheelchair_1.3.127,247.909659,checksum_f32_bits=0x4a328b7a
miniAMR_27point,224,5,0,GCC_C_strict_v3,103.665728,checksum_f32_bits=0x4a338946
miniAMR_27point,224,5,1,Wheelchair_1.3.127,245.445997,checksum_f32_bits=0x4a328b7a
miniAMR_27point,224,5,2,Wheelchair_1.3.128,61.007834,checksum_f32_bits=0x4a328b7a
miniAMR_27point,224,6,0,Wheelchair_1.3.127,248.125662,checksum_f32_bits=0x4a328b7a
miniAMR_27point,224,6,1,Wheelchair_1.3.128,63.380474,checksum_f32_bits=0x4a328b7a
miniAMR_27point,224,6,2,GCC_C_strict_v3,103.53365,checksum_f32_bits=0x4a338946
miniAMR_27point,224,7,0,Wheelchair_1.3.128,63.325371,checksum_f32_bits=0x4a328b7a
miniAMR_27point,224,7,1,GCC_C_strict_v3,103.657753,checksum_f32_bits=0x4a338946
miniAMR_27point,224,7,2,Wheelchair_1.3.127,246.046756,checksum_f32_bits=0x4a328b7a
miniAMR_27point,224,8,0,GCC_C_strict_v3,103.420538,checksum_f32_bits=0x4a338946
miniAMR_27point,224,8,1,Wheelchair_1.3.127,249.013901,checksum_f32_bits=0x4a328b7a
miniAMR_27point,224,8,2,Wheelchair_1.3.128,63.379662,checksum_f32_bits=0x4a328b7a
miniAMR_27point,256,0,0,Wheelchair_1.3.127,93.559562,checksum_f32_bits=0x4a842f1c
miniAMR_27point,256,0,1,Wheelchair_1.3.128,80.773478,checksum_f32_bits=0x4a842f1c
miniAMR_27point,256,0,2,GCC_C_strict_v3,154.513634,checksum_f32_bits=0x4a86fcfe
miniAMR_27point,256,1,0,Wheelchair_1.3.128,83.202235,checksum_f32_bits=0x4a842f1c
miniAMR_27point,256,1,1,GCC_C_strict_v3,156.763395,checksum_f32_bits=0x4a86fcfe
miniAMR_27point,256,1,2,Wheelchair_1.3.127,92.715388,checksum_f32_bits=0x4a842f1c
miniAMR_27point,256,2,0,GCC_C_strict_v3,154.521129,checksum_f32_bits=0x4a86fcfe
miniAMR_27point,256,2,1,Wheelchair_1.3.127,92.880297,checksum_f32_bits=0x4a842f1c
miniAMR_27point,256,2,2,Wheelchair_1.3.128,80.824835,checksum_f32_bits=0x4a842f1c
miniAMR_27point,256,3,0,Wheelchair_1.3.127,88.839428,checksum_f32_bits=0x4a842f1c
miniAMR_27point,256,3,1,Wheelchair_1.3.128,81.034799,checksum_f32_bits=0x4a842f1c
miniAMR_27point,256,3,2,GCC_C_strict_v3,154.746661,checksum_f32_bits=0x4a86fcfe
miniAMR_27point,256,4,0,Wheelchair_1.3.128,78.223205,checksum_f32_bits=0x4a842f1c
miniAMR_27point,256,4,1,GCC_C_strict_v3,154.459744,checksum_f32_bits=0x4a86fcfe
miniAMR_27point,256,4,2,Wheelchair_1.3.127,122.585687,checksum_f32_bits=0x4a842f1c
miniAMR_27point,256,5,0,GCC_C_strict_v3,154.346531,checksum_f32_bits=0x4a86fcfe
miniAMR_27point,256,5,1,Wheelchair_1.3.127,92.868506,checksum_f32_bits=0x4a842f1c
miniAMR_27point,256,5,2,Wheelchair_1.3.128,77.577674,checksum_f32_bits=0x4a842f1c
miniAMR_27point,256,6,0,Wheelchair_1.3.127,88.882752,checksum_f32_bits=0x4a842f1c
miniAMR_27point,256,6,1,Wheelchair_1.3.128,78.446424,checksum_f32_bits=0x4a842f1c
miniAMR_27point,256,6,2,GCC_C_strict_v3,154.370816,checksum_f32_bits=0x4a86fcfe
miniAMR_27point,256,7,0,Wheelchair_1.3.128,81.091274,checksum_f32_bits=0x4a842f1c
miniAMR_27point,256,7,1,GCC_C_strict_v3,154.460354,checksum_f32_bits=0x4a86fcfe
miniAMR_27point,256,7,2,Wheelchair_1.3.127,89.216575,checksum_f32_bits=0x4a842f1c
miniAMR_27point,256,8,0,GCC_C_strict_v3,154.641664,checksum_f32_bits=0x4a86fcfe
miniAMR_27point,256,8,1,Wheelchair_1.3.127,89.134722,checksum_f32_bits=0x4a842f1c
miniAMR_27point,256,8,2,Wheelchair_1.3.128,80.714073,checksum_f32_bits=0x4a842f1c
miniFE_heat21,160,0,0,Wheelchair_1.3.127,99.500958,checksum_f32_bits=0x4a5b687c
miniFE_heat21,160,0,1,Wheelchair_1.3.128,24.479642,checksum_f32_bits=0x4a5b687c
miniFE_heat21,160,0,2,GCC_C_strict_v3,23.682918,checksum_f32_bits=0x4a57247e
miniFE_heat21,160,1,0,Wheelchair_1.3.128,24.337516,checksum_f32_bits=0x4a5b687c
miniFE_heat21,160,1,1,GCC_C_strict_v3,23.614981,checksum_f32_bits=0x4a57247e
miniFE_heat21,160,1,2,Wheelchair_1.3.127,101.516371,checksum_f32_bits=0x4a5b687c
miniFE_heat21,160,2,0,GCC_C_strict_v3,23.944328,checksum_f32_bits=0x4a57247e
miniFE_heat21,160,2,1,Wheelchair_1.3.127,101.01092,checksum_f32_bits=0x4a5b687c
miniFE_heat21,160,2,2,Wheelchair_1.3.128,24.994718,checksum_f32_bits=0x4a5b687c
miniFE_heat21,160,3,0,Wheelchair_1.3.127,100.001397,checksum_f32_bits=0x4a5b687c
miniFE_heat21,160,3,1,Wheelchair_1.3.128,25.266819,checksum_f32_bits=0x4a5b687c
miniFE_heat21,160,3,2,GCC_C_strict_v3,23.732161,checksum_f32_bits=0x4a57247e
miniFE_heat21,160,4,0,Wheelchair_1.3.128,25.174796,checksum_f32_bits=0x4a5b687c
miniFE_heat21,160,4,1,GCC_C_strict_v3,23.604471,checksum_f32_bits=0x4a57247e
miniFE_heat21,160,4,2,Wheelchair_1.3.127,99.894336,checksum_f32_bits=0x4a5b687c
miniFE_heat21,160,5,0,GCC_C_strict_v3,24.059895,checksum_f32_bits=0x4a57247e
miniFE_heat21,160,5,1,Wheelchair_1.3.127,100.721757,checksum_f32_bits=0x4a5b687c
miniFE_heat21,160,5,2,Wheelchair_1.3.128,25.097431,checksum_f32_bits=0x4a5b687c
miniFE_heat21,160,6,0,Wheelchair_1.3.127,99.796753,checksum_f32_bits=0x4a5b687c
miniFE_heat21,160,6,1,Wheelchair_1.3.128,25.578774,checksum_f32_bits=0x4a5b687c
miniFE_heat21,160,6,2,GCC_C_strict_v3,23.976769,checksum_f32_bits=0x4a57247e
miniFE_heat21,160,7,0,Wheelchair_1.3.128,25.022701,checksum_f32_bits=0x4a5b687c
miniFE_heat21,160,7,1,GCC_C_strict_v3,23.861423,checksum_f32_bits=0x4a57247e
miniFE_heat21,160,7,2,Wheelchair_1.3.127,100.527393,checksum_f32_bits=0x4a5b687c
miniFE_heat21,160,8,0,GCC_C_strict_v3,23.800579,checksum_f32_bits=0x4a57247e
miniFE_heat21,160,8,1,Wheelchair_1.3.127,99.483365,checksum_f32_bits=0x4a5b687c
miniFE_heat21,160,8,2,Wheelchair_1.3.128,24.412296,checksum_f32_bits=0x4a5b687c
miniFE_heat21,192,0,0,Wheelchair_1.3.127,157.922604,checksum_f32_bits=0x4a683e50
miniFE_heat21,192,0,1,Wheelchair_1.3.128,37.686017,checksum_f32_bits=0x4a683e50
miniFE_heat21,192,0,2,GCC_C_strict_v3,40.096568,checksum_f32_bits=0x4a67f9ab
miniFE_heat21,192,1,0,Wheelchair_1.3.128,37.583083,checksum_f32_bits=0x4a683e50
miniFE_heat21,192,1,1,GCC_C_strict_v3,40.312854,checksum_f32_bits=0x4a67f9ab
miniFE_heat21,192,1,2,Wheelchair_1.3.127,145.204235,checksum_f32_bits=0x4a683e50
miniFE_heat21,192,2,0,GCC_C_strict_v3,40.197388,checksum_f32_bits=0x4a67f9ab
miniFE_heat21,192,2,1,Wheelchair_1.3.127,145.426743,checksum_f32_bits=0x4a683e50
miniFE_heat21,192,2,2,Wheelchair_1.3.128,36.88251,checksum_f32_bits=0x4a683e50
miniFE_heat21,192,3,0,Wheelchair_1.3.127,145.200548,checksum_f32_bits=0x4a683e50
miniFE_heat21,192,3,1,Wheelchair_1.3.128,37.679765,checksum_f32_bits=0x4a683e50
miniFE_heat21,192,3,2,GCC_C_strict_v3,40.100867,checksum_f32_bits=0x4a67f9ab
miniFE_heat21,192,4,0,Wheelchair_1.3.128,37.067647,checksum_f32_bits=0x4a683e50
miniFE_heat21,192,4,1,GCC_C_strict_v3,40.035744,checksum_f32_bits=0x4a67f9ab
miniFE_heat21,192,4,2,Wheelchair_1.3.127,146.720419,checksum_f32_bits=0x4a683e50
miniFE_heat21,192,5,0,GCC_C_strict_v3,40.094825,checksum_f32_bits=0x4a67f9ab
miniFE_heat21,192,5,1,Wheelchair_1.3.127,147.112044,checksum_f32_bits=0x4a683e50
miniFE_heat21,192,5,2,Wheelchair_1.3.128,37.866024,checksum_f32_bits=0x4a683e50
miniFE_heat21,192,6,0,Wheelchair_1.3.127,157.109283,checksum_f32_bits=0x4a683e50
miniFE_heat21,192,6,1,Wheelchair_1.3.128,37.644218,checksum_f32_bits=0x4a683e50
miniFE_heat21,192,6,2,GCC_C_strict_v3,40.047487,checksum_f32_bits=0x4a67f9ab
miniFE_heat21,192,7,0,Wheelchair_1.3.128,37.510679,checksum_f32_bits=0x4a683e50
miniFE_heat21,192,7,1,GCC_C_strict_v3,40.208389,checksum_f32_bits=0x4a67f9ab
miniFE_heat21,192,7,2,Wheelchair_1.3.127,146.466302,checksum_f32_bits=0x4a683e50
miniFE_heat21,192,8,0,GCC_C_strict_v3,40.210964,checksum_f32_bits=0x4a67f9ab
miniFE_heat21,192,8,1,Wheelchair_1.3.127,146.435464,checksum_f32_bits=0x4a683e50
miniFE_heat21,192,8,2,Wheelchair_1.3.128,37.672421,checksum_f32_bits=0x4a683e50
miniFE_heat21,224,0,0,Wheelchair_1.3.127,199.961887,checksum_f32_bits=0x4aafb676
miniFE_heat21,224,0,1,Wheelchair_1.3.128,54.480648,checksum_f32_bits=0x4aafb676
miniFE_heat21,224,0,2,GCC_C_strict_v3,62.910209,checksum_f32_bits=0x4aaf7f36
miniFE_heat21,224,1,0,Wheelchair_1.3.128,53.810455,checksum_f32_bits=0x4aafb676
miniFE_heat21,224,1,1,GCC_C_strict_v3,63.124538,checksum_f32_bits=0x4aaf7f36
miniFE_heat21,224,1,2,Wheelchair_1.3.127,201.766683,checksum_f32_bits=0x4aafb676
miniFE_heat21,224,2,0,GCC_C_strict_v3,63.002118,checksum_f32_bits=0x4aaf7f36
miniFE_heat21,224,2,1,Wheelchair_1.3.127,202.465464,checksum_f32_bits=0x4aafb676
miniFE_heat21,224,2,2,Wheelchair_1.3.128,53.989371,checksum_f32_bits=0x4aafb676
miniFE_heat21,224,3,0,Wheelchair_1.3.127,202.365587,checksum_f32_bits=0x4aafb676
miniFE_heat21,224,3,1,Wheelchair_1.3.128,54.604735,checksum_f32_bits=0x4aafb676
miniFE_heat21,224,3,2,GCC_C_strict_v3,63.149145,checksum_f32_bits=0x4aaf7f36
miniFE_heat21,224,4,0,Wheelchair_1.3.128,52.77336,checksum_f32_bits=0x4aafb676
miniFE_heat21,224,4,1,GCC_C_strict_v3,62.948227,checksum_f32_bits=0x4aaf7f36
miniFE_heat21,224,4,2,Wheelchair_1.3.127,200.064049,checksum_f32_bits=0x4aafb676
miniFE_heat21,224,5,0,GCC_C_strict_v3,63.033595,checksum_f32_bits=0x4aaf7f36
miniFE_heat21,224,5,1,Wheelchair_1.3.127,200.336463,checksum_f32_bits=0x4aafb676
miniFE_heat21,224,5,2,Wheelchair_1.3.128,52.534522,checksum_f32_bits=0x4aafb676
miniFE_heat21,224,6,0,Wheelchair_1.3.127,200.277853,checksum_f32_bits=0x4aafb676
miniFE_heat21,224,6,1,Wheelchair_1.3.128,56.879883,checksum_f32_bits=0x4aafb676
miniFE_heat21,224,6,2,GCC_C_strict_v3,63.007739,checksum_f32_bits=0x4aaf7f36
miniFE_heat21,224,7,0,Wheelchair_1.3.128,53.934107,checksum_f32_bits=0x4aafb676
miniFE_heat21,224,7,1,GCC_C_strict_v3,63.065347,checksum_f32_bits=0x4aaf7f36
miniFE_heat21,224,7,2,Wheelchair_1.3.127,203.391796,checksum_f32_bits=0x4aafb676
miniFE_heat21,224,8,0,GCC_C_strict_v3,63.060398,checksum_f32_bits=0x4aaf7f36
miniFE_heat21,224,8,1,Wheelchair_1.3.127,200.575518,checksum_f32_bits=0x4aafb676
miniFE_heat21,224,8,2,Wheelchair_1.3.128,52.687048,checksum_f32_bits=0x4aafb676
miniFE_heat21,256,0,0,Wheelchair_1.3.127,74.551315,checksum_f32_bits=0x4b2190cd
miniFE_heat21,256,0,1,Wheelchair_1.3.128,66.093838,checksum_f32_bits=0x4b2190cd
miniFE_heat21,256,0,2,GCC_C_strict_v3,95.518157,checksum_f32_bits=0x4b2170c7
miniFE_heat21,256,1,0,Wheelchair_1.3.128,67.70466,checksum_f32_bits=0x4b2190cd
miniFE_heat21,256,1,1,GCC_C_strict_v3,95.725406,checksum_f32_bits=0x4b2170c7
miniFE_heat21,256,1,2,Wheelchair_1.3.127,78.065407,checksum_f32_bits=0x4b2190cd
miniFE_heat21,256,2,0,GCC_C_strict_v3,93.487377,checksum_f32_bits=0x4b2170c7
miniFE_heat21,256,2,1,Wheelchair_1.3.127,74.708178,checksum_f32_bits=0x4b2190cd
miniFE_heat21,256,2,2,Wheelchair_1.3.128,67.889198,checksum_f32_bits=0x4b2190cd
miniFE_heat21,256,3,0,Wheelchair_1.3.127,75.04833,checksum_f32_bits=0x4b2190cd
miniFE_heat21,256,3,1,Wheelchair_1.3.128,68.421394,checksum_f32_bits=0x4b2190cd
miniFE_heat21,256,3,2,GCC_C_strict_v3,94.095642,checksum_f32_bits=0x4b2170c7
miniFE_heat21,256,4,0,Wheelchair_1.3.128,66.104235,checksum_f32_bits=0x4b2190cd
miniFE_heat21,256,4,1,GCC_C_strict_v3,94.250863,checksum_f32_bits=0x4b2170c7
miniFE_heat21,256,4,2,Wheelchair_1.3.127,74.976136,checksum_f32_bits=0x4b2190cd
miniFE_heat21,256,5,0,GCC_C_strict_v3,94.173458,checksum_f32_bits=0x4b2170c7
miniFE_heat21,256,5,1,Wheelchair_1.3.127,77.791557,checksum_f32_bits=0x4b2190cd
miniFE_heat21,256,5,2,Wheelchair_1.3.128,94.821111,checksum_f32_bits=0x4b2190cd
miniFE_heat21,256,6,0,Wheelchair_1.3.127,106.575952,checksum_f32_bits=0x4b2190cd
miniFE_heat21,256,6,1,Wheelchair_1.3.128,68.050378,checksum_f32_bits=0x4b2190cd
miniFE_heat21,256,6,2,GCC_C_strict_v3,94.537291,checksum_f32_bits=0x4b2170c7
miniFE_heat21,256,7,0,Wheelchair_1.3.128,77.966806,checksum_f32_bits=0x4b2190cd
miniFE_heat21,256,7,1,GCC_C_strict_v3,95.349505,checksum_f32_bits=0x4b2170c7
miniFE_heat21,256,7,2,Wheelchair_1.3.127,74.40369,checksum_f32_bits=0x4b2190cd
miniFE_heat21,256,8,0,GCC_C_strict_v3,99.953695,checksum_f32_bits=0x4b2170c7
miniFE_heat21,256,8,1,Wheelchair_1.3.127,88.34999,checksum_f32_bits=0x4b2190cd
miniFE_heat21,256,8,2,Wheelchair_1.3.128,65.83473,checksum_f32_bits=0x4b2190cd
