case,n,implementation,rep,order,wall_ms,stdout
central,128,Wheelchair,0,0,1.998875,checksum_f32_bits=0x492a98a0
central,128,GCC_C,0,1,3.96035,checksum_f32_bits=0x492a6984
central,128,GCC_C,1,0,3.914594,checksum_f32_bits=0x492a6984
central,128,Wheelchair,1,1,1.980801,checksum_f32_bits=0x492a98a0
central,128,Wheelchair,2,0,1.968669,checksum_f32_bits=0x492a98a0
central,128,GCC_C,2,1,3.909044,checksum_f32_bits=0x492a6984
central,128,GCC_C,3,0,3.915726,checksum_f32_bits=0x492a6984
central,128,Wheelchair,3,1,1.931379,checksum_f32_bits=0x492a98a0
central,128,Wheelchair,4,0,1.964571,checksum_f32_bits=0x492a98a0
central,128,GCC_C,4,1,3.917439,checksum_f32_bits=0x492a6984
central,128,GCC_C,5,0,3.888405,checksum_f32_bits=0x492a6984
central,128,Wheelchair,5,1,1.963348,checksum_f32_bits=0x492a98a0
central,128,Wheelchair,6,0,1.968378,checksum_f32_bits=0x492a98a0
central,128,GCC_C,6,1,3.846808,checksum_f32_bits=0x492a6984
central,192,Wheelchair,0,0,4.606213,checksum_f32_bits=0x4a0fe790
central,192,GCC_C,0,1,10.03046,checksum_f32_bits=0x4a0f1529
central,192,GCC_C,1,0,10.020342,checksum_f32_bits=0x4a0f1529
central,192,Wheelchair,1,1,5.117957,checksum_f32_bits=0x4a0fe790
central,192,Wheelchair,2,0,6.384006,checksum_f32_bits=0x4a0fe790
central,192,GCC_C,2,1,11.231769,checksum_f32_bits=0x4a0f1529
central,192,GCC_C,3,0,11.271694,checksum_f32_bits=0x4a0f1529
central,192,Wheelchair,3,1,6.086811,checksum_f32_bits=0x4a0fe790
central,192,Wheelchair,4,0,6.274892,checksum_f32_bits=0x4a0fe790
central,192,GCC_C,4,1,11.190883,checksum_f32_bits=0x4a0f1529
central,192,GCC_C,5,0,11.191964,checksum_f32_bits=0x4a0f1529
central,192,Wheelchair,5,1,6.215792,checksum_f32_bits=0x4a0fe790
central,192,Wheelchair,6,0,6.213258,checksum_f32_bits=0x4a0fe790
central,192,GCC_C,6,1,11.181235,checksum_f32_bits=0x4a0f1529
central,256,Wheelchair,0,0,12.882705,checksum_f32_bits=0x4aaa69f1
central,256,GCC_C,0,1,23.271933,checksum_f32_bits=0x4aa70f86
central,256,GCC_C,1,0,21.844996,checksum_f32_bits=0x4aa70f86
central,256,Wheelchair,1,1,9.238444,checksum_f32_bits=0x4aaa69f1
central,256,Wheelchair,2,0,9.156612,checksum_f32_bits=0x4aaa69f1
central,256,GCC_C,2,1,21.614856,checksum_f32_bits=0x4aa70f86
central,256,GCC_C,3,0,21.450651,checksum_f32_bits=0x4aa70f86
central,256,Wheelchair,3,1,9.100257,checksum_f32_bits=0x4aaa69f1
central,256,Wheelchair,4,0,9.074359,checksum_f32_bits=0x4aaa69f1
central,256,GCC_C,4,1,21.686841,checksum_f32_bits=0x4aa70f86
central,256,GCC_C,5,0,21.946665,checksum_f32_bits=0x4aa70f86
central,256,Wheelchair,5,1,9.191718,checksum_f32_bits=0x4aaa69f1
central,256,Wheelchair,6,0,9.207106,checksum_f32_bits=0x4aaa69f1
central,256,GCC_C,6,1,21.55798,checksum_f32_bits=0x4aa70f86
shift_k_plus_1,128,Wheelchair,0,0,2.823562,checksum_f32_bits=0x4a295ec8
shift_k_plus_1,128,GCC_C,0,1,3.971711,checksum_f32_bits=0x4a2933c5
shift_k_plus_1,128,GCC_C,1,0,3.927569,checksum_f32_bits=0x4a2933c5
shift_k_plus_1,128,Wheelchair,1,1,2.745085,checksum_f32_bits=0x4a295ec8
shift_k_plus_1,128,Wheelchair,2,0,2.751778,checksum_f32_bits=0x4a295ec8
shift_k_plus_1,128,GCC_C,2,1,4.027335,checksum_f32_bits=0x4a2933c5
shift_k_plus_1,128,GCC_C,3,0,4.010553,checksum_f32_bits=0x4a2933c5
shift_k_plus_1,128,Wheelchair,3,1,2.8124,checksum_f32_bits=0x4a295ec8
shift_k_plus_1,128,Wheelchair,4,0,2.734996,checksum_f32_bits=0x4a295ec8
shift_k_plus_1,128,GCC_C,4,1,4.03754,checksum_f32_bits=0x4a2933c5
shift_k_plus_1,128,GCC_C,5,0,4.007677,checksum_f32_bits=0x4a2933c5
shift_k_plus_1,128,Wheelchair,5,1,2.766615,checksum_f32_bits=0x4a295ec8
shift_k_plus_1,128,Wheelchair,6,0,2.74762,checksum_f32_bits=0x4a295ec8
shift_k_plus_1,128,GCC_C,6,1,3.944583,checksum_f32_bits=0x4a2933c5
shift_k_plus_1,192,Wheelchair,0,0,9.634483,checksum_f32_bits=0x4b0ed58c
shift_k_plus_1,192,GCC_C,0,1,10.072419,checksum_f32_bits=0x4b0e0a4f
shift_k_plus_1,192,GCC_C,1,0,10.107995,checksum_f32_bits=0x4b0e0a4f
shift_k_plus_1,192,Wheelchair,1,1,9.672895,checksum_f32_bits=0x4b0ed58c
shift_k_plus_1,192,Wheelchair,2,0,9.597393,checksum_f32_bits=0x4b0ed58c
shift_k_plus_1,192,GCC_C,2,1,10.064854,checksum_f32_bits=0x4b0e0a4f
shift_k_plus_1,192,GCC_C,3,0,10.052732,checksum_f32_bits=0x4b0e0a4f
shift_k_plus_1,192,Wheelchair,3,1,9.76718,checksum_f32_bits=0x4b0ed58c
shift_k_plus_1,192,Wheelchair,4,0,9.627619,checksum_f32_bits=0x4b0ed58c
shift_k_plus_1,192,GCC_C,4,1,10.136438,checksum_f32_bits=0x4b0e0a4f
shift_k_plus_1,192,GCC_C,5,0,10.036391,checksum_f32_bits=0x4b0e0a4f
shift_k_plus_1,192,Wheelchair,5,1,9.849012,checksum_f32_bits=0x4b0ed58c
shift_k_plus_1,192,Wheelchair,6,0,9.662635,checksum_f32_bits=0x4b0ed58c
shift_k_plus_1,192,GCC_C,6,1,10.585745,checksum_f32_bits=0x4b0e0a4f
shift_k_plus_1,256,Wheelchair,0,0,11.653675,checksum_f32_bits=0x4ba935d8
shift_k_plus_1,256,GCC_C,0,1,22.372448,checksum_f32_bits=0x4ba5e02b
shift_k_plus_1,256,GCC_C,1,0,21.754496,checksum_f32_bits=0x4ba5e02b
shift_k_plus_1,256,Wheelchair,1,1,11.835854,checksum_f32_bits=0x4ba935d8
shift_k_plus_1,256,Wheelchair,2,0,11.906827,checksum_f32_bits=0x4ba935d8
shift_k_plus_1,256,GCC_C,2,1,22.374922,checksum_f32_bits=0x4ba5e02b
shift_k_plus_1,256,GCC_C,3,0,21.893926,checksum_f32_bits=0x4ba5e02b
shift_k_plus_1,256,Wheelchair,3,1,11.824123,checksum_f32_bits=0x4ba935d8
shift_k_plus_1,256,Wheelchair,4,0,11.75306,checksum_f32_bits=0x4ba935d8
shift_k_plus_1,256,GCC_C,4,1,21.965059,checksum_f32_bits=0x4ba5e02b
shift_k_plus_1,256,GCC_C,5,0,21.742785,checksum_f32_bits=0x4ba5e02b
shift_k_plus_1,256,Wheelchair,5,1,11.674564,checksum_f32_bits=0x4ba935d8
shift_k_plus_1,256,Wheelchair,6,0,12.083987,checksum_f32_bits=0x4ba935d8
shift_k_plus_1,256,GCC_C,6,1,21.972693,checksum_f32_bits=0x4ba5e02b
