case,n,implementation,median_ms,mad_ms,speedup_C_over_impl
central,128,Wheelchair,1.968378,0.005029999999999868,1.9887409836931729
central,128,GCC_C,3.914594,0.005549999999999944,1.0
central,192,Wheelchair,6.213258,0.12644699999999975,1.8011296167002884
central,192,GCC_C,11.190883,0.04088600000000042,1.0
central,256,Wheelchair,9.191718,0.0467259999999996,2.359389289358094
central,256,GCC_C,21.686841,0.15815499999999716,1.0
shift_k_plus_1,128,Wheelchair,2.751778,0.014836999999999989,1.4563954650411481
shift_k_plus_1,128,GCC_C,4.007677,0.02986299999999975,1.0
shift_k_plus_1,192,Wheelchair,9.662635,0.0350160000000006,1.042409135810263
shift_k_plus_1,192,GCC_C,10.072419,0.03557600000000072,1.0
shift_k_plus_1,256,Wheelchair,11.824123,0.08270399999999967,1.8576480471321213
shift_k_plus_1,256,GCC_C,21.965059,0.2105630000000005,1.0
