workload,rep,order_index,implementation,wall_ms,stdout,value_f32,relative_error_vs_reference
miniAMR_27point,0,0,Wheelchair_1.3.127_strict_native256,75.458362,checksum_f32_bits=0x4a842f1c,4331406.0,0.000139457921390343
miniAMR_27point,0,1,GCC_C_strict_v3,116.185654,checksum_f32_bits=0x4a86fcfe,4423295.0,0.02135700590671858
miniAMR_27point,0,2,GFortran_strict_v3,215.212574,checksum_f32_bits=0x4A86FCFE,4423295.0,0.02135700590671858
miniAMR_27point,1,0,GCC_C_strict_v3,115.993044,checksum_f32_bits=0x4a86fcfe,4423295.0,0.02135700590671858
miniAMR_27point,1,1,GFortran_strict_v3,215.190551,checksum_f32_bits=0x4A86FCFE,4423295.0,0.02135700590671858
miniAMR_27point,1,2,Wheelchair_1.3.127_strict_native256,72.465164,checksum_f32_bits=0x4a842f1c,4331406.0,0.000139457921390343
miniAMR_27point,2,0,GFortran_strict_v3,214.629126,checksum_f32_bits=0x4A86FCFE,4423295.0,0.02135700590671858
miniAMR_27point,2,1,Wheelchair_1.3.127_strict_native256,72.490943,checksum_f32_bits=0x4a842f1c,4331406.0,0.000139457921390343
miniAMR_27point,2,2,GCC_C_strict_v3,116.005823,checksum_f32_bits=0x4a86fcfe,4423295.0,0.02135700590671858
miniAMR_27point,3,0,Wheelchair_1.3.127_strict_native256,72.44983,checksum_f32_bits=0x4a842f1c,4331406.0,0.000139457921390343
miniAMR_27point,3,1,GCC_C_strict_v3,115.703598,checksum_f32_bits=0x4a86fcfe,4423295.0,0.02135700590671858
miniAMR_27point,3,2,GFortran_strict_v3,214.6989,checksum_f32_bits=0x4A86FCFE,4423295.0,0.02135700590671858
miniAMR_27point,4,0,GCC_C_strict_v3,116.615201,checksum_f32_bits=0x4a86fcfe,4423295.0,0.02135700590671858
miniAMR_27point,4,1,GFortran_strict_v3,214.524408,checksum_f32_bits=0x4A86FCFE,4423295.0,0.02135700590671858
miniAMR_27point,4,2,Wheelchair_1.3.127_strict_native256,72.547108,checksum_f32_bits=0x4a842f1c,4331406.0,0.000139457921390343
miniAMR_27point,5,0,GFortran_strict_v3,214.030814,checksum_f32_bits=0x4A86FCFE,4423295.0,0.02135700590671858
miniAMR_27point,5,1,Wheelchair_1.3.127_strict_native256,72.562451,checksum_f32_bits=0x4a842f1c,4331406.0,0.000139457921390343
miniAMR_27point,5,2,GCC_C_strict_v3,116.378415,checksum_f32_bits=0x4a86fcfe,4423295.0,0.02135700590671858
miniAMR_27point,6,0,Wheelchair_1.3.127_strict_native256,76.169202,checksum_f32_bits=0x4a842f1c,4331406.0,0.000139457921390343
miniAMR_27point,6,1,GCC_C_strict_v3,116.017901,checksum_f32_bits=0x4a86fcfe,4423295.0,0.02135700590671858
miniAMR_27point,6,2,GFortran_strict_v3,214.854094,checksum_f32_bits=0x4A86FCFE,4423295.0,0.02135700590671858
miniAMR_27point,7,0,GCC_C_strict_v3,117.801408,checksum_f32_bits=0x4a86fcfe,4423295.0,0.02135700590671858
miniAMR_27point,7,1,GFortran_strict_v3,213.976803,checksum_f32_bits=0x4A86FCFE,4423295.0,0.02135700590671858
miniAMR_27point,7,2,Wheelchair_1.3.127_strict_native256,75.854569,checksum_f32_bits=0x4a842f1c,4331406.0,0.000139457921390343
miniAMR_27point,8,0,GFortran_strict_v3,213.323839,checksum_f32_bits=0x4A86FCFE,4423295.0,0.02135700590671858
miniAMR_27point,8,1,Wheelchair_1.3.127_strict_native256,76.110264,checksum_f32_bits=0x4a842f1c,4331406.0,0.000139457921390343
miniAMR_27point,8,2,GCC_C_strict_v3,115.898401,checksum_f32_bits=0x4a86fcfe,4423295.0,0.02135700590671858
miniAMR_27point,9,0,Wheelchair_1.3.127_strict_native256,76.535535,checksum_f32_bits=0x4a842f1c,4331406.0,0.000139457921390343
miniAMR_27point,9,1,GCC_C_strict_v3,116.676032,checksum_f32_bits=0x4a86fcfe,4423295.0,0.02135700590671858
miniAMR_27point,9,2,GFortran_strict_v3,214.281762,checksum_f32_bits=0x4A86FCFE,4423295.0,0.02135700590671858
miniAMR_27point,10,0,GCC_C_strict_v3,115.808235,checksum_f32_bits=0x4a86fcfe,4423295.0,0.02135700590671858
miniAMR_27point,10,1,GFortran_strict_v3,214.505469,checksum_f32_bits=0x4A86FCFE,4423295.0,0.02135700590671858
miniAMR_27point,10,2,Wheelchair_1.3.127_strict_native256,72.64155,checksum_f32_bits=0x4a842f1c,4331406.0,0.000139457921390343
miniAMR_27point,11,0,GFortran_strict_v3,214.509015,checksum_f32_bits=0x4A86FCFE,4423295.0,0.02135700590671858
miniAMR_27point,11,1,Wheelchair_1.3.127_strict_native256,90.809223,checksum_f32_bits=0x4a842f1c,4331406.0,0.000139457921390343
miniAMR_27point,11,2,GCC_C_strict_v3,115.416876,checksum_f32_bits=0x4a86fcfe,4423295.0,0.02135700590671858
miniAMR_27point,12,0,Wheelchair_1.3.127_strict_native256,76.129222,checksum_f32_bits=0x4a842f1c,4331406.0,0.000139457921390343
miniAMR_27point,12,1,GCC_C_strict_v3,116.418654,checksum_f32_bits=0x4a86fcfe,4423295.0,0.02135700590671858
miniAMR_27point,12,2,GFortran_strict_v3,214.467301,checksum_f32_bits=0x4A86FCFE,4423295.0,0.02135700590671858
miniAMR_27point,13,0,GCC_C_strict_v3,115.874545,checksum_f32_bits=0x4a86fcfe,4423295.0,0.02135700590671858
miniAMR_27point,13,1,GFortran_strict_v3,214.616436,checksum_f32_bits=0x4A86FCFE,4423295.0,0.02135700590671858
miniAMR_27point,13,2,Wheelchair_1.3.127_strict_native256,72.745587,checksum_f32_bits=0x4a842f1c,4331406.0,0.000139457921390343
miniAMR_27point,14,0,GFortran_strict_v3,214.098125,checksum_f32_bits=0x4A86FCFE,4423295.0,0.02135700590671858
miniAMR_27point,14,1,Wheelchair_1.3.127_strict_native256,76.228613,checksum_f32_bits=0x4a842f1c,4331406.0,0.000139457921390343
miniAMR_27point,14,2,GCC_C_strict_v3,116.120145,checksum_f32_bits=0x4a86fcfe,4423295.0,0.02135700590671858
miniFE_heat21,0,0,Wheelchair_1.3.127_strict_native256,60.756158,checksum_f32_bits=0x4b2190cd,10588365.0,9.993183212468805e-05
miniFE_heat21,0,1,GCC_C_strict_v3,76.042812,checksum_f32_bits=0x4b2170c7,10580167.0,0.0006743916107448917
miniFE_heat21,0,2,GFortran_strict_v3,170.28761,checksum_f32_bits=0x4B2170C7,10580167.0,0.0006743916107448917
miniFE_heat21,1,0,GCC_C_strict_v3,76.076243,checksum_f32_bits=0x4b2170c7,10580167.0,0.0006743916107448917
miniFE_heat21,1,1,GFortran_strict_v3,169.891824,checksum_f32_bits=0x4B2170C7,10580167.0,0.0006743916107448917
miniFE_heat21,1,2,Wheelchair_1.3.127_strict_native256,62.391092,checksum_f32_bits=0x4b2190cd,10588365.0,9.993183212468805e-05
miniFE_heat21,2,0,GFortran_strict_v3,170.251676,checksum_f32_bits=0x4B2170C7,10580167.0,0.0006743916107448917
miniFE_heat21,2,1,Wheelchair_1.3.127_strict_native256,60.488795,checksum_f32_bits=0x4b2190cd,10588365.0,9.993183212468805e-05
miniFE_heat21,2,2,GCC_C_strict_v3,75.474924,checksum_f32_bits=0x4b2170c7,10580167.0,0.0006743916107448917
miniFE_heat21,3,0,Wheelchair_1.3.127_strict_native256,60.426171,checksum_f32_bits=0x4b2190cd,10588365.0,9.993183212468805e-05
miniFE_heat21,3,1,GCC_C_strict_v3,75.41929,checksum_f32_bits=0x4b2170c7,10580167.0,0.0006743916107448917
miniFE_heat21,3,2,GFortran_strict_v3,170.340089,checksum_f32_bits=0x4B2170C7,10580167.0,0.0006743916107448917
miniFE_heat21,4,0,GCC_C_strict_v3,76.122589,checksum_f32_bits=0x4b2170c7,10580167.0,0.0006743916107448917
miniFE_heat21,4,1,GFortran_strict_v3,170.273949,checksum_f32_bits=0x4B2170C7,10580167.0,0.0006743916107448917
miniFE_heat21,4,2,Wheelchair_1.3.127_strict_native256,62.681737,checksum_f32_bits=0x4b2190cd,10588365.0,9.993183212468805e-05
miniFE_heat21,5,0,GFortran_strict_v3,169.757301,checksum_f32_bits=0x4B2170C7,10580167.0,0.0006743916107448917
miniFE_heat21,5,1,Wheelchair_1.3.127_strict_native256,60.892002,checksum_f32_bits=0x4b2190cd,10588365.0,9.993183212468805e-05
miniFE_heat21,5,2,GCC_C_strict_v3,75.229965,checksum_f32_bits=0x4b2170c7,10580167.0,0.0006743916107448917
miniFE_heat21,6,0,Wheelchair_1.3.127_strict_native256,60.370086,checksum_f32_bits=0x4b2190cd,10588365.0,9.993183212468805e-05
miniFE_heat21,6,1,GCC_C_strict_v3,75.760634,checksum_f32_bits=0x4b2170c7,10580167.0,0.0006743916107448917
miniFE_heat21,6,2,GFortran_strict_v3,170.627662,checksum_f32_bits=0x4B2170C7,10580167.0,0.0006743916107448917
miniFE_heat21,7,0,GCC_C_strict_v3,75.762086,checksum_f32_bits=0x4b2170c7,10580167.0,0.0006743916107448917
miniFE_heat21,7,1,GFortran_strict_v3,170.61307,checksum_f32_bits=0x4B2170C7,10580167.0,0.0006743916107448917
miniFE_heat21,7,2,Wheelchair_1.3.127_strict_native256,62.534165,checksum_f32_bits=0x4b2190cd,10588365.0,9.993183212468805e-05
miniFE_heat21,8,0,GFortran_strict_v3,170.233849,checksum_f32_bits=0x4B2170C7,10580167.0,0.0006743916107448917
miniFE_heat21,8,1,Wheelchair_1.3.127_strict_native256,60.580703,checksum_f32_bits=0x4b2190cd,10588365.0,9.993183212468805e-05
miniFE_heat21,8,2,GCC_C_strict_v3,76.106655,checksum_f32_bits=0x4b2170c7,10580167.0,0.0006743916107448917
miniFE_heat21,9,0,Wheelchair_1.3.127_strict_native256,63.144083,checksum_f32_bits=0x4b2190cd,10588365.0,9.993183212468805e-05
miniFE_heat21,9,1,GCC_C_strict_v3,75.787965,checksum_f32_bits=0x4b2170c7,10580167.0,0.0006743916107448917
miniFE_heat21,9,2,GFortran_strict_v3,170.724337,checksum_f32_bits=0x4B2170C7,10580167.0,0.0006743916107448917
miniFE_heat21,10,0,GCC_C_strict_v3,76.186105,checksum_f32_bits=0x4b2170c7,10580167.0,0.0006743916107448917
miniFE_heat21,10,1,GFortran_strict_v3,170.567271,checksum_f32_bits=0x4B2170C7,10580167.0,0.0006743916107448917
miniFE_heat21,10,2,Wheelchair_1.3.127_strict_native256,62.52372,checksum_f32_bits=0x4b2190cd,10588365.0,9.993183212468805e-05
miniFE_heat21,11,0,GFortran_strict_v3,169.662077,checksum_f32_bits=0x4B2170C7,10580167.0,0.0006743916107448917
miniFE_heat21,11,1,Wheelchair_1.3.127_strict_native256,60.51891,checksum_f32_bits=0x4b2190cd,10588365.0,9.993183212468805e-05
miniFE_heat21,11,2,GCC_C_strict_v3,75.837279,checksum_f32_bits=0x4b2170c7,10580167.0,0.0006743916107448917
miniFE_heat21,12,0,Wheelchair_1.3.127_strict_native256,60.434112,checksum_f32_bits=0x4b2190cd,10588365.0,9.993183212468805e-05
miniFE_heat21,12,1,GCC_C_strict_v3,75.590497,checksum_f32_bits=0x4b2170c7,10580167.0,0.0006743916107448917
miniFE_heat21,12,2,GFortran_strict_v3,170.113037,checksum_f32_bits=0x4B2170C7,10580167.0,0.0006743916107448917
miniFE_heat21,13,0,GCC_C_strict_v3,76.063891,checksum_f32_bits=0x4b2170c7,10580167.0,0.0006743916107448917
miniFE_heat21,13,1,GFortran_strict_v3,170.357655,checksum_f32_bits=0x4B2170C7,10580167.0,0.0006743916107448917
miniFE_heat21,13,2,Wheelchair_1.3.127_strict_native256,63.298096,checksum_f32_bits=0x4b2190cd,10588365.0,9.993183212468805e-05
miniFE_heat21,14,0,GFortran_strict_v3,170.305196,checksum_f32_bits=0x4B2170C7,10580167.0,0.0006743916107448917
miniFE_heat21,14,1,Wheelchair_1.3.127_strict_native256,60.657079,checksum_f32_bits=0x4b2190cd,10588365.0,9.993183212468805e-05
miniFE_heat21,14,2,GCC_C_strict_v3,75.388073,checksum_f32_bits=0x4b2170c7,10580167.0,0.0006743916107448917
