n,interactions,q,bits,Wheelchair_1_2_12_ms,Wheelchair_1_2_13_ms,speedup_1212_over_1213
2048,33554432,1,0x4150eb05c0000000,24.503811,19.993612,1.2255820008910847
4096,67108864,1,0x4160eb05c0000000,53.584388,42.874867,1.249785521200567
8192,134217728,1,0x4170eb05c0000000,99.811982,81.664712,1.2222167880785524
2048,33554432,2,0x4150eb05c0000000,15.863506,11.532211,1.3755823579710775
4096,67108864,2,0x4160eb05c0000000,26.236218,21.284043,1.2326707853390448
8192,134217728,2,0x4170eb05c0000000,52.862891,41.754786,1.266031898714557
2048,33554432,4,0x4150eb05c0000000,7.767957,5.814703,1.3359163830035687
4096,67108864,4,0x4160eb05c0000000,13.311292,12.591361,1.0571765832144755
8192,134217728,4,0x4170eb05c0000000,29.756609,26.170675,1.137021074160296
