workload,n,cpu_set,cpus,rep,order,implementation,wall_ms,stdout,value_f32
miniAMR_27point,128,1cpu,0,0,0,Wheelchair_1.3.127_strict_native256,19.252623,checksum_f32_bits=0x490eb1d6,584477.375
miniAMR_27point,128,1cpu,0,0,1,GCC_C_strict_v3,20.803961,checksum_f32_bits=0x490eabd8,584381.5
miniAMR_27point,128,1cpu,0,0,2,GFortran_strict_v3,35.23255,checksum_f32_bits=0x490EABD8,584381.5
miniAMR_27point,128,1cpu,0,1,0,GCC_C_strict_v3,20.957697,checksum_f32_bits=0x490eabd8,584381.5
miniAMR_27point,128,1cpu,0,1,1,GFortran_strict_v3,35.202517,checksum_f32_bits=0x490EABD8,584381.5
miniAMR_27point,128,1cpu,0,1,2,Wheelchair_1.3.127_strict_native256,19.629223,checksum_f32_bits=0x490eb1d6,584477.375
miniAMR_27point,128,1cpu,0,2,0,GFortran_strict_v3,36.225098,checksum_f32_bits=0x490EABD8,584381.5
miniAMR_27point,128,1cpu,0,2,1,Wheelchair_1.3.127_strict_native256,19.666733,checksum_f32_bits=0x490eb1d6,584477.375
miniAMR_27point,128,1cpu,0,2,2,GCC_C_strict_v3,21.091196,checksum_f32_bits=0x490eabd8,584381.5
miniAMR_27point,128,1cpu,0,3,0,Wheelchair_1.3.127_strict_native256,19.47193,checksum_f32_bits=0x490eb1d6,584477.375
miniAMR_27point,128,1cpu,0,3,1,GCC_C_strict_v3,20.807127,checksum_f32_bits=0x490eabd8,584381.5
miniAMR_27point,128,1cpu,0,3,2,GFortran_strict_v3,37.102052,checksum_f32_bits=0x490EABD8,584381.5
miniAMR_27point,128,1cpu,0,4,0,GCC_C_strict_v3,20.855518,checksum_f32_bits=0x490eabd8,584381.5
miniAMR_27point,128,1cpu,0,4,1,GFortran_strict_v3,37.017964,checksum_f32_bits=0x490EABD8,584381.5
miniAMR_27point,128,1cpu,0,4,2,Wheelchair_1.3.127_strict_native256,19.587737,checksum_f32_bits=0x490eb1d6,584477.375
miniAMR_27point,128,1cpu,0,5,0,GFortran_strict_v3,37.157195,checksum_f32_bits=0x490EABD8,584381.5
miniAMR_27point,128,1cpu,0,5,1,Wheelchair_1.3.127_strict_native256,19.082024,checksum_f32_bits=0x490eb1d6,584477.375
miniAMR_27point,128,1cpu,0,5,2,GCC_C_strict_v3,21.149575,checksum_f32_bits=0x490eabd8,584381.5
miniAMR_27point,128,1cpu,0,6,0,Wheelchair_1.3.127_strict_native256,19.147767,checksum_f32_bits=0x490eb1d6,584477.375
miniAMR_27point,128,1cpu,0,6,1,GCC_C_strict_v3,21.088952,checksum_f32_bits=0x490eabd8,584381.5
miniAMR_27point,128,1cpu,0,6,2,GFortran_strict_v3,37.546479,checksum_f32_bits=0x490EABD8,584381.5
miniAMR_27point,128,1cpu,0,7,0,GCC_C_strict_v3,21.072581,checksum_f32_bits=0x490eabd8,584381.5
miniAMR_27point,128,1cpu,0,7,1,GFortran_strict_v3,38.00351,checksum_f32_bits=0x490EABD8,584381.5
miniAMR_27point,128,1cpu,0,7,2,Wheelchair_1.3.127_strict_native256,18.966519,checksum_f32_bits=0x490eb1d6,584477.375
miniAMR_27point,128,1cpu,0,8,0,GFortran_strict_v3,37.293147,checksum_f32_bits=0x490EABD8,584381.5
miniAMR_27point,128,1cpu,0,8,1,Wheelchair_1.3.127_strict_native256,20.145415,checksum_f32_bits=0x490eb1d6,584477.375
miniAMR_27point,128,1cpu,0,8,2,GCC_C_strict_v3,23.449468,checksum_f32_bits=0x490eabd8,584381.5
miniAMR_27point,128,1cpu,0,9,0,Wheelchair_1.3.127_strict_native256,18.994983,checksum_f32_bits=0x490eb1d6,584477.375
miniAMR_27point,128,1cpu,0,9,1,GCC_C_strict_v3,34.469767,checksum_f32_bits=0x490eabd8,584381.5
miniAMR_27point,128,1cpu,0,9,2,GFortran_strict_v3,54.831117,checksum_f32_bits=0x490EABD8,584381.5
miniAMR_27point,128,1cpu,0,10,0,GCC_C_strict_v3,21.078663,checksum_f32_bits=0x490eabd8,584381.5
miniAMR_27point,128,1cpu,0,10,1,GFortran_strict_v3,38.230884,checksum_f32_bits=0x490EABD8,584381.5
miniAMR_27point,128,1cpu,0,10,2,Wheelchair_1.3.127_strict_native256,35.607649,checksum_f32_bits=0x490eb1d6,584477.375
miniAMR_27point,128,1cpu,0,11,0,GFortran_strict_v3,43.878901,checksum_f32_bits=0x490EABD8,584381.5
miniAMR_27point,128,1cpu,0,11,1,Wheelchair_1.3.127_strict_native256,19.051588,checksum_f32_bits=0x490eb1d6,584477.375
miniAMR_27point,128,1cpu,0,11,2,GCC_C_strict_v3,20.751514,checksum_f32_bits=0x490eabd8,584381.5
miniAMR_27point,128,1cpu,0,12,0,Wheelchair_1.3.127_strict_native256,19.429922,checksum_f32_bits=0x490eb1d6,584477.375
miniAMR_27point,128,1cpu,0,12,1,GCC_C_strict_v3,21.0929,checksum_f32_bits=0x490eabd8,584381.5
miniAMR_27point,128,1cpu,0,12,2,GFortran_strict_v3,37.034936,checksum_f32_bits=0x490EABD8,584381.5
miniAMR_27point,128,1cpu,0,13,0,GCC_C_strict_v3,20.837874,checksum_f32_bits=0x490eabd8,584381.5
miniAMR_27point,128,1cpu,0,13,1,GFortran_strict_v3,37.301813,checksum_f32_bits=0x490EABD8,584381.5
miniAMR_27point,128,1cpu,0,13,2,Wheelchair_1.3.127_strict_native256,21.540323,checksum_f32_bits=0x490eb1d6,584477.375
miniAMR_27point,128,1cpu,0,14,0,GFortran_strict_v3,37.095549,checksum_f32_bits=0x490EABD8,584381.5
miniAMR_27point,128,1cpu,0,14,1,Wheelchair_1.3.127_strict_native256,19.510563,checksum_f32_bits=0x490eb1d6,584477.375
miniAMR_27point,128,1cpu,0,14,2,GCC_C_strict_v3,20.728961,checksum_f32_bits=0x490eabd8,584381.5
miniAMR_27point,128,4cpu,"0,1,2,3",0,0,Wheelchair_1.3.127_strict_native256,9.575622,checksum_f32_bits=0x490eb259,584485.5625
miniAMR_27point,128,4cpu,"0,1,2,3",0,1,GCC_C_strict_v3,10.384117,checksum_f32_bits=0x490eb2cf,584492.9375
miniAMR_27point,128,4cpu,"0,1,2,3",0,2,GFortran_strict_v3,16.24415,checksum_f32_bits=0x490EB2CF,584492.9375
miniAMR_27point,128,4cpu,"0,1,2,3",1,0,GCC_C_strict_v3,10.403583,checksum_f32_bits=0x490eb2cf,584492.9375
miniAMR_27point,128,4cpu,"0,1,2,3",1,1,GFortran_strict_v3,16.338954,checksum_f32_bits=0x490EB2CF,584492.9375
miniAMR_27point,128,4cpu,"0,1,2,3",1,2,Wheelchair_1.3.127_strict_native256,9.593836,checksum_f32_bits=0x490eb259,584485.5625
miniAMR_27point,128,4cpu,"0,1,2,3",2,0,GFortran_strict_v3,16.319012,checksum_f32_bits=0x490EB2CF,584492.9375
miniAMR_27point,128,4cpu,"0,1,2,3",2,1,Wheelchair_1.3.127_strict_native256,9.56388,checksum_f32_bits=0x490eb259,584485.5625
miniAMR_27point,128,4cpu,"0,1,2,3",2,2,GCC_C_strict_v3,10.299289,checksum_f32_bits=0x490eb2cf,584492.9375
miniAMR_27point,128,4cpu,"0,1,2,3",3,0,Wheelchair_1.3.127_strict_native256,9.495463,checksum_f32_bits=0x490eb259,584485.5625
miniAMR_27point,128,4cpu,"0,1,2,3",3,1,GCC_C_strict_v3,10.339414,checksum_f32_bits=0x490eb2cf,584492.9375
miniAMR_27point,128,4cpu,"0,1,2,3",3,2,GFortran_strict_v3,16.248057,checksum_f32_bits=0x490EB2CF,584492.9375
miniAMR_27point,128,4cpu,"0,1,2,3",4,0,GCC_C_strict_v3,10.348872,checksum_f32_bits=0x490eb2cf,584492.9375
miniAMR_27point,128,4cpu,"0,1,2,3",4,1,GFortran_strict_v3,16.315794,checksum_f32_bits=0x490EB2CF,584492.9375
miniAMR_27point,128,4cpu,"0,1,2,3",4,2,Wheelchair_1.3.127_strict_native256,10.092274,checksum_f32_bits=0x490eb259,584485.5625
miniAMR_27point,128,4cpu,"0,1,2,3",5,0,GFortran_strict_v3,16.400751,checksum_f32_bits=0x490EB2CF,584492.9375
miniAMR_27point,128,4cpu,"0,1,2,3",5,1,Wheelchair_1.3.127_strict_native256,9.622133,checksum_f32_bits=0x490eb259,584485.5625
miniAMR_27point,128,4cpu,"0,1,2,3",5,2,GCC_C_strict_v3,10.491974,checksum_f32_bits=0x490eb2cf,584492.9375
miniAMR_27point,128,4cpu,"0,1,2,3",6,0,Wheelchair_1.3.127_strict_native256,10.563066,checksum_f32_bits=0x490eb259,584485.5625
miniAMR_27point,128,4cpu,"0,1,2,3",6,1,GCC_C_strict_v3,10.439415,checksum_f32_bits=0x490eb2cf,584492.9375
miniAMR_27point,128,4cpu,"0,1,2,3",6,2,GFortran_strict_v3,16.366296,checksum_f32_bits=0x490EB2CF,584492.9375
miniAMR_27point,128,4cpu,"0,1,2,3",7,0,GCC_C_strict_v3,10.344098,checksum_f32_bits=0x490eb2cf,584492.9375
miniAMR_27point,128,4cpu,"0,1,2,3",7,1,GFortran_strict_v3,16.303379,checksum_f32_bits=0x490EB2CF,584492.9375
miniAMR_27point,128,4cpu,"0,1,2,3",7,2,Wheelchair_1.3.127_strict_native256,9.55065,checksum_f32_bits=0x490eb259,584485.5625
miniAMR_27point,128,4cpu,"0,1,2,3",8,0,GFortran_strict_v3,16.419094,checksum_f32_bits=0x490EB2CF,584492.9375
miniAMR_27point,128,4cpu,"0,1,2,3",8,1,Wheelchair_1.3.127_strict_native256,9.598429,checksum_f32_bits=0x490eb259,584485.5625
miniAMR_27point,128,4cpu,"0,1,2,3",8,2,GCC_C_strict_v3,10.398938,checksum_f32_bits=0x490eb2cf,584492.9375
miniAMR_27point,128,4cpu,"0,1,2,3",9,0,Wheelchair_1.3.127_strict_native256,9.540441,checksum_f32_bits=0x490eb259,584485.5625
miniAMR_27point,128,4cpu,"0,1,2,3",9,1,GCC_C_strict_v3,10.352967,checksum_f32_bits=0x490eb2cf,584492.9375
miniAMR_27point,128,4cpu,"0,1,2,3",9,2,GFortran_strict_v3,16.221406,checksum_f32_bits=0x490EB2CF,584492.9375
miniAMR_27point,128,4cpu,"0,1,2,3",10,0,GCC_C_strict_v3,10.440208,checksum_f32_bits=0x490eb2cf,584492.9375
miniAMR_27point,128,4cpu,"0,1,2,3",10,1,GFortran_strict_v3,16.440565,checksum_f32_bits=0x490EB2CF,584492.9375
miniAMR_27point,128,4cpu,"0,1,2,3",10,2,Wheelchair_1.3.127_strict_native256,10.487907,checksum_f32_bits=0x490eb259,584485.5625
miniAMR_27point,128,4cpu,"0,1,2,3",11,0,GFortran_strict_v3,16.573051,checksum_f32_bits=0x490EB2CF,584492.9375
miniAMR_27point,128,4cpu,"0,1,2,3",11,1,Wheelchair_1.3.127_strict_native256,9.590705,checksum_f32_bits=0x490eb259,584485.5625
miniAMR_27point,128,4cpu,"0,1,2,3",11,2,GCC_C_strict_v3,10.471245,checksum_f32_bits=0x490eb2cf,584492.9375
miniAMR_27point,128,4cpu,"0,1,2,3",12,0,Wheelchair_1.3.127_strict_native256,9.742685,checksum_f32_bits=0x490eb259,584485.5625
miniAMR_27point,128,4cpu,"0,1,2,3",12,1,GCC_C_strict_v3,10.459536,checksum_f32_bits=0x490eb2cf,584492.9375
miniAMR_27point,128,4cpu,"0,1,2,3",12,2,GFortran_strict_v3,16.533787,checksum_f32_bits=0x490EB2CF,584492.9375
miniAMR_27point,128,4cpu,"0,1,2,3",13,0,GCC_C_strict_v3,10.447461,checksum_f32_bits=0x490eb2cf,584492.9375
miniAMR_27point,128,4cpu,"0,1,2,3",13,1,GFortran_strict_v3,16.375634,checksum_f32_bits=0x490EB2CF,584492.9375
miniAMR_27point,128,4cpu,"0,1,2,3",13,2,Wheelchair_1.3.127_strict_native256,9.667397,checksum_f32_bits=0x490eb259,584485.5625
miniAMR_27point,128,4cpu,"0,1,2,3",14,0,GFortran_strict_v3,16.424394,checksum_f32_bits=0x490EB2CF,584492.9375
miniAMR_27point,128,4cpu,"0,1,2,3",14,1,Wheelchair_1.3.127_strict_native256,9.607786,checksum_f32_bits=0x490eb259,584485.5625
miniAMR_27point,128,4cpu,"0,1,2,3",14,2,GCC_C_strict_v3,10.531677,checksum_f32_bits=0x490eb2cf,584492.9375
miniAMR_27point,192,1cpu,0,0,0,Wheelchair_1.3.127_strict_native256,180.383767,checksum_f32_bits=0x49e16236,1846342.75
miniAMR_27point,192,1cpu,0,0,1,GCC_C_strict_v3,66.196717,checksum_f32_bits=0x49e134a3,1844884.375
miniAMR_27point,192,1cpu,0,0,2,GFortran_strict_v3,116.419898,checksum_f32_bits=0x49E134A3,1844884.375
miniAMR_27point,192,1cpu,0,1,0,GCC_C_strict_v3,66.178753,checksum_f32_bits=0x49e134a3,1844884.375
miniAMR_27point,192,1cpu,0,1,1,GFortran_strict_v3,117.408881,checksum_f32_bits=0x49E134A3,1844884.375
miniAMR_27point,192,1cpu,0,1,2,Wheelchair_1.3.127_strict_native256,178.538409,checksum_f32_bits=0x49e16236,1846342.75
miniAMR_27point,192,1cpu,0,2,0,GFortran_strict_v3,116.534913,checksum_f32_bits=0x49E134A3,1844884.375
miniAMR_27point,192,1cpu,0,2,1,Wheelchair_1.3.127_strict_native256,180.185537,checksum_f32_bits=0x49e16236,1846342.75
miniAMR_27point,192,1cpu,0,2,2,GCC_C_strict_v3,66.035406,checksum_f32_bits=0x49e134a3,1844884.375
miniAMR_27point,192,1cpu,0,3,0,Wheelchair_1.3.127_strict_native256,179.835505,checksum_f32_bits=0x49e16236,1846342.75
miniAMR_27point,192,1cpu,0,3,1,GCC_C_strict_v3,65.941582,checksum_f32_bits=0x49e134a3,1844884.375
miniAMR_27point,192,1cpu,0,3,2,GFortran_strict_v3,119.852804,checksum_f32_bits=0x49E134A3,1844884.375
miniAMR_27point,192,1cpu,0,4,0,GCC_C_strict_v3,66.619955,checksum_f32_bits=0x49e134a3,1844884.375
miniAMR_27point,192,1cpu,0,4,1,GFortran_strict_v3,117.800169,checksum_f32_bits=0x49E134A3,1844884.375
miniAMR_27point,192,1cpu,0,4,2,Wheelchair_1.3.127_strict_native256,179.928198,checksum_f32_bits=0x49e16236,1846342.75
miniAMR_27point,192,1cpu,0,5,0,GFortran_strict_v3,116.91994,checksum_f32_bits=0x49E134A3,1844884.375
miniAMR_27point,192,1cpu,0,5,1,Wheelchair_1.3.127_strict_native256,180.14933,checksum_f32_bits=0x49e16236,1846342.75
miniAMR_27point,192,1cpu,0,5,2,GCC_C_strict_v3,66.072315,checksum_f32_bits=0x49e134a3,1844884.375
miniAMR_27point,192,1cpu,0,6,0,Wheelchair_1.3.127_strict_native256,180.46099,checksum_f32_bits=0x49e16236,1846342.75
miniAMR_27point,192,1cpu,0,6,1,GCC_C_strict_v3,66.135413,checksum_f32_bits=0x49e134a3,1844884.375
miniAMR_27point,192,1cpu,0,6,2,GFortran_strict_v3,114.418519,checksum_f32_bits=0x49E134A3,1844884.375
miniAMR_27point,192,1cpu,0,7,0,GCC_C_strict_v3,66.614735,checksum_f32_bits=0x49e134a3,1844884.375
miniAMR_27point,192,1cpu,0,7,1,GFortran_strict_v3,113.903241,checksum_f32_bits=0x49E134A3,1844884.375
miniAMR_27point,192,1cpu,0,7,2,Wheelchair_1.3.127_strict_native256,178.632384,checksum_f32_bits=0x49e16236,1846342.75
miniAMR_27point,192,1cpu,0,8,0,GFortran_strict_v3,114.664348,checksum_f32_bits=0x49E134A3,1844884.375
miniAMR_27point,192,1cpu,0,8,1,Wheelchair_1.3.127_strict_native256,178.798543,checksum_f32_bits=0x49e16236,1846342.75
miniAMR_27point,192,1cpu,0,8,2,GCC_C_strict_v3,66.313083,checksum_f32_bits=0x49e134a3,1844884.375
miniAMR_27point,192,1cpu,0,9,0,Wheelchair_1.3.127_strict_native256,180.761761,checksum_f32_bits=0x49e16236,1846342.75
miniAMR_27point,192,1cpu,0,9,1,GCC_C_strict_v3,66.447023,checksum_f32_bits=0x49e134a3,1844884.375
miniAMR_27point,192,1cpu,0,9,2,GFortran_strict_v3,117.146102,checksum_f32_bits=0x49E134A3,1844884.375
miniAMR_27point,192,1cpu,0,10,0,GCC_C_strict_v3,66.448285,checksum_f32_bits=0x49e134a3,1844884.375
miniAMR_27point,192,1cpu,0,10,1,GFortran_strict_v3,114.528916,checksum_f32_bits=0x49E134A3,1844884.375
miniAMR_27point,192,1cpu,0,10,2,Wheelchair_1.3.127_strict_native256,180.150672,checksum_f32_bits=0x49e16236,1846342.75
miniAMR_27point,192,1cpu,0,11,0,GFortran_strict_v3,119.911553,checksum_f32_bits=0x49E134A3,1844884.375
miniAMR_27point,192,1cpu,0,11,1,Wheelchair_1.3.127_strict_native256,178.569918,checksum_f32_bits=0x49e16236,1846342.75
miniAMR_27point,192,1cpu,0,11,2,GCC_C_strict_v3,66.487859,checksum_f32_bits=0x49e134a3,1844884.375
miniAMR_27point,192,1cpu,0,12,0,Wheelchair_1.3.127_strict_native256,178.536878,checksum_f32_bits=0x49e16236,1846342.75
miniAMR_27point,192,1cpu,0,12,1,GCC_C_strict_v3,66.16643,checksum_f32_bits=0x49e134a3,1844884.375
miniAMR_27point,192,1cpu,0,12,2,GFortran_strict_v3,117.138397,checksum_f32_bits=0x49E134A3,1844884.375
miniAMR_27point,192,1cpu,0,13,0,GCC_C_strict_v3,66.107861,checksum_f32_bits=0x49e134a3,1844884.375
miniAMR_27point,192,1cpu,0,13,1,GFortran_strict_v3,117.079748,checksum_f32_bits=0x49E134A3,1844884.375
miniAMR_27point,192,1cpu,0,13,2,Wheelchair_1.3.127_strict_native256,193.11951,checksum_f32_bits=0x49e16236,1846342.75
miniAMR_27point,192,1cpu,0,14,0,GFortran_strict_v3,115.951918,checksum_f32_bits=0x49E134A3,1844884.375
miniAMR_27point,192,1cpu,0,14,1,Wheelchair_1.3.127_strict_native256,178.289877,checksum_f32_bits=0x49e16236,1846342.75
miniAMR_27point,192,1cpu,0,14,2,GCC_C_strict_v3,66.142185,checksum_f32_bits=0x49e134a3,1844884.375
miniAMR_27point,192,4cpu,"0,1,2,3",0,0,Wheelchair_1.3.127_strict_native256,64.083991,checksum_f32_bits=0x49e164f8,1846431.0
miniAMR_27point,192,4cpu,"0,1,2,3",0,1,GCC_C_strict_v3,30.663308,checksum_f32_bits=0x49e179d8,1847099.0
miniAMR_27point,192,4cpu,"0,1,2,3",0,2,GFortran_strict_v3,49.918753,checksum_f32_bits=0x49E179D8,1847099.0
miniAMR_27point,192,4cpu,"0,1,2,3",1,0,GCC_C_strict_v3,30.751914,checksum_f32_bits=0x49e179d8,1847099.0
miniAMR_27point,192,4cpu,"0,1,2,3",1,1,GFortran_strict_v3,49.894289,checksum_f32_bits=0x49E179D8,1847099.0
miniAMR_27point,192,4cpu,"0,1,2,3",1,2,Wheelchair_1.3.127_strict_native256,64.157488,checksum_f32_bits=0x49e164f8,1846431.0
miniAMR_27point,192,4cpu,"0,1,2,3",2,0,GFortran_strict_v3,49.72773,checksum_f32_bits=0x49E179D8,1847099.0
miniAMR_27point,192,4cpu,"0,1,2,3",2,1,Wheelchair_1.3.127_strict_native256,63.907322,checksum_f32_bits=0x49e164f8,1846431.0
miniAMR_27point,192,4cpu,"0,1,2,3",2,2,GCC_C_strict_v3,30.671824,checksum_f32_bits=0x49e179d8,1847099.0
miniAMR_27point,192,4cpu,"0,1,2,3",3,0,Wheelchair_1.3.127_strict_native256,64.952729,checksum_f32_bits=0x49e164f8,1846431.0
miniAMR_27point,192,4cpu,"0,1,2,3",3,1,GCC_C_strict_v3,31.075415,checksum_f32_bits=0x49e179d8,1847099.0
miniAMR_27point,192,4cpu,"0,1,2,3",3,2,GFortran_strict_v3,49.801687,checksum_f32_bits=0x49E179D8,1847099.0
miniAMR_27point,192,4cpu,"0,1,2,3",4,0,GCC_C_strict_v3,30.624134,checksum_f32_bits=0x49e179d8,1847099.0
miniAMR_27point,192,4cpu,"0,1,2,3",4,1,GFortran_strict_v3,49.738359,checksum_f32_bits=0x49E179D8,1847099.0
miniAMR_27point,192,4cpu,"0,1,2,3",4,2,Wheelchair_1.3.127_strict_native256,64.453138,checksum_f32_bits=0x49e164f8,1846431.0
miniAMR_27point,192,4cpu,"0,1,2,3",5,0,GFortran_strict_v3,53.132632,checksum_f32_bits=0x49E179D8,1847099.0
miniAMR_27point,192,4cpu,"0,1,2,3",5,1,Wheelchair_1.3.127_strict_native256,63.947517,checksum_f32_bits=0x49e164f8,1846431.0
miniAMR_27point,192,4cpu,"0,1,2,3",5,2,GCC_C_strict_v3,30.635896,checksum_f32_bits=0x49e179d8,1847099.0
miniAMR_27point,192,4cpu,"0,1,2,3",6,0,Wheelchair_1.3.127_strict_native256,64.160644,checksum_f32_bits=0x49e164f8,1846431.0
miniAMR_27point,192,4cpu,"0,1,2,3",6,1,GCC_C_strict_v3,30.696429,checksum_f32_bits=0x49e179d8,1847099.0
miniAMR_27point,192,4cpu,"0,1,2,3",6,2,GFortran_strict_v3,49.816945,checksum_f32_bits=0x49E179D8,1847099.0
miniAMR_27point,192,4cpu,"0,1,2,3",7,0,GCC_C_strict_v3,30.807656,checksum_f32_bits=0x49e179d8,1847099.0
miniAMR_27point,192,4cpu,"0,1,2,3",7,1,GFortran_strict_v3,49.791412,checksum_f32_bits=0x49E179D8,1847099.0
miniAMR_27point,192,4cpu,"0,1,2,3",7,2,Wheelchair_1.3.127_strict_native256,64.025492,checksum_f32_bits=0x49e164f8,1846431.0
miniAMR_27point,192,4cpu,"0,1,2,3",8,0,GFortran_strict_v3,49.866919,checksum_f32_bits=0x49E179D8,1847099.0
miniAMR_27point,192,4cpu,"0,1,2,3",8,1,Wheelchair_1.3.127_strict_native256,64.333536,checksum_f32_bits=0x49e164f8,1846431.0
miniAMR_27point,192,4cpu,"0,1,2,3",8,2,GCC_C_strict_v3,30.702386,checksum_f32_bits=0x49e179d8,1847099.0
miniAMR_27point,192,4cpu,"0,1,2,3",9,0,Wheelchair_1.3.127_strict_native256,64.621152,checksum_f32_bits=0x49e164f8,1846431.0
miniAMR_27point,192,4cpu,"0,1,2,3",9,1,GCC_C_strict_v3,30.752844,checksum_f32_bits=0x49e179d8,1847099.0
miniAMR_27point,192,4cpu,"0,1,2,3",9,2,GFortran_strict_v3,49.705058,checksum_f32_bits=0x49E179D8,1847099.0
miniAMR_27point,192,4cpu,"0,1,2,3",10,0,GCC_C_strict_v3,30.735211,checksum_f32_bits=0x49e179d8,1847099.0
miniAMR_27point,192,4cpu,"0,1,2,3",10,1,GFortran_strict_v3,49.898276,checksum_f32_bits=0x49E179D8,1847099.0
miniAMR_27point,192,4cpu,"0,1,2,3",10,2,Wheelchair_1.3.127_strict_native256,63.839646,checksum_f32_bits=0x49e164f8,1846431.0
miniAMR_27point,192,4cpu,"0,1,2,3",11,0,GFortran_strict_v3,49.729893,checksum_f32_bits=0x49E179D8,1847099.0
miniAMR_27point,192,4cpu,"0,1,2,3",11,1,Wheelchair_1.3.127_strict_native256,63.872026,checksum_f32_bits=0x49e164f8,1846431.0
miniAMR_27point,192,4cpu,"0,1,2,3",11,2,GCC_C_strict_v3,30.964111,checksum_f32_bits=0x49e179d8,1847099.0
miniAMR_27point,192,4cpu,"0,1,2,3",12,0,Wheelchair_1.3.127_strict_native256,63.991257,checksum_f32_bits=0x49e164f8,1846431.0
miniAMR_27point,192,4cpu,"0,1,2,3",12,1,GCC_C_strict_v3,30.616874,checksum_f32_bits=0x49e179d8,1847099.0
miniAMR_27point,192,4cpu,"0,1,2,3",12,2,GFortran_strict_v3,49.665189,checksum_f32_bits=0x49E179D8,1847099.0
miniAMR_27point,192,4cpu,"0,1,2,3",13,0,GCC_C_strict_v3,30.746275,checksum_f32_bits=0x49e179d8,1847099.0
miniAMR_27point,192,4cpu,"0,1,2,3",13,1,GFortran_strict_v3,49.721794,checksum_f32_bits=0x49E179D8,1847099.0
miniAMR_27point,192,4cpu,"0,1,2,3",13,2,Wheelchair_1.3.127_strict_native256,63.964431,checksum_f32_bits=0x49e164f8,1846431.0
miniAMR_27point,192,4cpu,"0,1,2,3",14,0,GFortran_strict_v3,49.911033,checksum_f32_bits=0x49E179D8,1847099.0
miniAMR_27point,192,4cpu,"0,1,2,3",14,1,Wheelchair_1.3.127_strict_native256,63.92351,checksum_f32_bits=0x49e164f8,1846431.0
miniAMR_27point,192,4cpu,"0,1,2,3",14,2,GCC_C_strict_v3,30.728402,checksum_f32_bits=0x49e179d8,1847099.0
miniAMR_27point,256,1cpu,0,0,0,Wheelchair_1.3.127_strict_native256,125.451928,checksum_f32_bits=0x4a842f1c,4331406.0
miniAMR_27point,256,1cpu,0,0,1,GCC_C_strict_v3,153.819603,checksum_f32_bits=0x4a86fcfe,4423295.0
miniAMR_27point,256,1cpu,0,0,2,GFortran_strict_v3,281.645905,checksum_f32_bits=0x4A86FCFE,4423295.0
miniAMR_27point,256,1cpu,0,1,0,GCC_C_strict_v3,154.001221,checksum_f32_bits=0x4a86fcfe,4423295.0
miniAMR_27point,256,1cpu,0,1,1,GFortran_strict_v3,283.07697,checksum_f32_bits=0x4A86FCFE,4423295.0
miniAMR_27point,256,1cpu,0,1,2,Wheelchair_1.3.127_strict_native256,92.944302,checksum_f32_bits=0x4a842f1c,4331406.0
miniAMR_27point,256,1cpu,0,2,0,GFortran_strict_v3,283.579306,checksum_f32_bits=0x4A86FCFE,4423295.0
miniAMR_27point,256,1cpu,0,2,1,Wheelchair_1.3.127_strict_native256,97.9303,checksum_f32_bits=0x4a842f1c,4331406.0
miniAMR_27point,256,1cpu,0,2,2,GCC_C_strict_v3,164.626435,checksum_f32_bits=0x4a86fcfe,4423295.0
miniAMR_27point,256,1cpu,0,3,0,Wheelchair_1.3.127_strict_native256,93.749862,checksum_f32_bits=0x4a842f1c,4331406.0
miniAMR_27point,256,1cpu,0,3,1,GCC_C_strict_v3,154.339712,checksum_f32_bits=0x4a86fcfe,4423295.0
miniAMR_27point,256,1cpu,0,3,2,GFortran_strict_v3,272.734223,checksum_f32_bits=0x4A86FCFE,4423295.0
miniAMR_27point,256,1cpu,0,4,0,GCC_C_strict_v3,153.5441,checksum_f32_bits=0x4a86fcfe,4423295.0
miniAMR_27point,256,1cpu,0,4,1,GFortran_strict_v3,279.385303,checksum_f32_bits=0x4A86FCFE,4423295.0
miniAMR_27point,256,1cpu,0,4,2,Wheelchair_1.3.127_strict_native256,88.365252,checksum_f32_bits=0x4a842f1c,4331406.0
miniAMR_27point,256,1cpu,0,5,0,GFortran_strict_v3,279.637613,checksum_f32_bits=0x4A86FCFE,4423295.0
miniAMR_27point,256,1cpu,0,5,1,Wheelchair_1.3.127_strict_native256,93.026244,checksum_f32_bits=0x4a842f1c,4331406.0
miniAMR_27point,256,1cpu,0,5,2,GCC_C_strict_v3,153.895534,checksum_f32_bits=0x4a86fcfe,4423295.0
miniAMR_27point,256,1cpu,0,6,0,Wheelchair_1.3.127_strict_native256,88.751541,checksum_f32_bits=0x4a842f1c,4331406.0
miniAMR_27point,256,1cpu,0,6,1,GCC_C_strict_v3,153.815305,checksum_f32_bits=0x4a86fcfe,4423295.0
miniAMR_27point,256,1cpu,0,6,2,GFortran_strict_v3,271.577959,checksum_f32_bits=0x4A86FCFE,4423295.0
miniAMR_27point,256,1cpu,0,7,0,GCC_C_strict_v3,154.123921,checksum_f32_bits=0x4a86fcfe,4423295.0
miniAMR_27point,256,1cpu,0,7,1,GFortran_strict_v3,281.304178,checksum_f32_bits=0x4A86FCFE,4423295.0
miniAMR_27point,256,1cpu,0,7,2,Wheelchair_1.3.127_strict_native256,92.834647,checksum_f32_bits=0x4a842f1c,4331406.0
miniAMR_27point,256,1cpu,0,8,0,GFortran_strict_v3,279.791359,checksum_f32_bits=0x4A86FCFE,4423295.0
miniAMR_27point,256,1cpu,0,8,1,Wheelchair_1.3.127_strict_native256,88.608555,checksum_f32_bits=0x4a842f1c,4331406.0
miniAMR_27point,256,1cpu,0,8,2,GCC_C_strict_v3,153.826776,checksum_f32_bits=0x4a86fcfe,4423295.0
miniAMR_27point,256,1cpu,0,9,0,Wheelchair_1.3.127_strict_native256,92.871716,checksum_f32_bits=0x4a842f1c,4331406.0
miniAMR_27point,256,1cpu,0,9,1,GCC_C_strict_v3,153.513593,checksum_f32_bits=0x4a86fcfe,4423295.0
miniAMR_27point,256,1cpu,0,9,2,GFortran_strict_v3,280.728856,checksum_f32_bits=0x4A86FCFE,4423295.0
miniAMR_27point,256,1cpu,0,10,0,GCC_C_strict_v3,153.460924,checksum_f32_bits=0x4a86fcfe,4423295.0
miniAMR_27point,256,1cpu,0,10,1,GFortran_strict_v3,271.850147,checksum_f32_bits=0x4A86FCFE,4423295.0
miniAMR_27point,256,1cpu,0,10,2,Wheelchair_1.3.127_strict_native256,91.887743,checksum_f32_bits=0x4a842f1c,4331406.0
miniAMR_27point,256,1cpu,0,11,0,GFortran_strict_v3,281.632038,checksum_f32_bits=0x4A86FCFE,4423295.0
miniAMR_27point,256,1cpu,0,11,1,Wheelchair_1.3.127_strict_native256,93.142831,checksum_f32_bits=0x4a842f1c,4331406.0
miniAMR_27point,256,1cpu,0,11,2,GCC_C_strict_v3,154.046816,checksum_f32_bits=0x4a86fcfe,4423295.0
miniAMR_27point,256,1cpu,0,12,0,Wheelchair_1.3.127_strict_native256,92.228598,checksum_f32_bits=0x4a842f1c,4331406.0
miniAMR_27point,256,1cpu,0,12,1,GCC_C_strict_v3,154.336296,checksum_f32_bits=0x4a86fcfe,4423295.0
miniAMR_27point,256,1cpu,0,12,2,GFortran_strict_v3,276.077251,checksum_f32_bits=0x4A86FCFE,4423295.0
miniAMR_27point,256,1cpu,0,13,0,GCC_C_strict_v3,154.904255,checksum_f32_bits=0x4a86fcfe,4423295.0
miniAMR_27point,256,1cpu,0,13,1,GFortran_strict_v3,276.733849,checksum_f32_bits=0x4A86FCFE,4423295.0
miniAMR_27point,256,1cpu,0,13,2,Wheelchair_1.3.127_strict_native256,92.920329,checksum_f32_bits=0x4a842f1c,4331406.0
miniAMR_27point,256,1cpu,0,14,0,GFortran_strict_v3,270.482622,checksum_f32_bits=0x4A86FCFE,4423295.0
miniAMR_27point,256,1cpu,0,14,1,Wheelchair_1.3.127_strict_native256,93.042125,checksum_f32_bits=0x4a842f1c,4331406.0
miniAMR_27point,256,1cpu,0,14,2,GCC_C_strict_v3,154.338723,checksum_f32_bits=0x4a86fcfe,4423295.0
miniAMR_27point,256,4cpu,"0,1,2,3",0,0,Wheelchair_1.3.127_strict_native256,42.857061,checksum_f32_bits=0x4a842953,4330665.5
miniAMR_27point,256,4cpu,"0,1,2,3",0,1,GCC_C_strict_v3,77.148036,checksum_f32_bits=0x4a84020b,4325637.5
miniAMR_27point,256,4cpu,"0,1,2,3",0,2,GFortran_strict_v3,115.094583,checksum_f32_bits=0x4A84020B,4325637.5
miniAMR_27point,256,4cpu,"0,1,2,3",1,0,GCC_C_strict_v3,69.897247,checksum_f32_bits=0x4a84020b,4325637.5
miniAMR_27point,256,4cpu,"0,1,2,3",1,1,GFortran_strict_v3,115.570715,checksum_f32_bits=0x4A84020B,4325637.5
miniAMR_27point,256,4cpu,"0,1,2,3",1,2,Wheelchair_1.3.127_strict_native256,42.412062,checksum_f32_bits=0x4a842953,4330665.5
miniAMR_27point,256,4cpu,"0,1,2,3",2,0,GFortran_strict_v3,115.026012,checksum_f32_bits=0x4A84020B,4325637.5
miniAMR_27point,256,4cpu,"0,1,2,3",2,1,Wheelchair_1.3.127_strict_native256,42.814261,checksum_f32_bits=0x4a842953,4330665.5
miniAMR_27point,256,4cpu,"0,1,2,3",2,2,GCC_C_strict_v3,69.884352,checksum_f32_bits=0x4a84020b,4325637.5
miniAMR_27point,256,4cpu,"0,1,2,3",3,0,Wheelchair_1.3.127_strict_native256,42.459669,checksum_f32_bits=0x4a842953,4330665.5
miniAMR_27point,256,4cpu,"0,1,2,3",3,1,GCC_C_strict_v3,70.05646,checksum_f32_bits=0x4a84020b,4325637.5
miniAMR_27point,256,4cpu,"0,1,2,3",3,2,GFortran_strict_v3,115.698228,checksum_f32_bits=0x4A84020B,4325637.5
miniAMR_27point,256,4cpu,"0,1,2,3",4,0,GCC_C_strict_v3,69.786636,checksum_f32_bits=0x4a84020b,4325637.5
miniAMR_27point,256,4cpu,"0,1,2,3",4,1,GFortran_strict_v3,114.812528,checksum_f32_bits=0x4A84020B,4325637.5
miniAMR_27point,256,4cpu,"0,1,2,3",4,2,Wheelchair_1.3.127_strict_native256,42.910711,checksum_f32_bits=0x4a842953,4330665.5
miniAMR_27point,256,4cpu,"0,1,2,3",5,0,GFortran_strict_v3,115.016328,checksum_f32_bits=0x4A84020B,4325637.5
miniAMR_27point,256,4cpu,"0,1,2,3",5,1,Wheelchair_1.3.127_strict_native256,42.978287,checksum_f32_bits=0x4a842953,4330665.5
miniAMR_27point,256,4cpu,"0,1,2,3",5,2,GCC_C_strict_v3,70.18652,checksum_f32_bits=0x4a84020b,4325637.5
miniAMR_27point,256,4cpu,"0,1,2,3",6,0,Wheelchair_1.3.127_strict_native256,42.281259,checksum_f32_bits=0x4a842953,4330665.5
miniAMR_27point,256,4cpu,"0,1,2,3",6,1,GCC_C_strict_v3,70.140187,checksum_f32_bits=0x4a84020b,4325637.5
miniAMR_27point,256,4cpu,"0,1,2,3",6,2,GFortran_strict_v3,114.863603,checksum_f32_bits=0x4A84020B,4325637.5
miniAMR_27point,256,4cpu,"0,1,2,3",7,0,GCC_C_strict_v3,69.894656,checksum_f32_bits=0x4a84020b,4325637.5
miniAMR_27point,256,4cpu,"0,1,2,3",7,1,GFortran_strict_v3,116.658728,checksum_f32_bits=0x4A84020B,4325637.5
miniAMR_27point,256,4cpu,"0,1,2,3",7,2,Wheelchair_1.3.127_strict_native256,42.699348,checksum_f32_bits=0x4a842953,4330665.5
miniAMR_27point,256,4cpu,"0,1,2,3",8,0,GFortran_strict_v3,114.749853,checksum_f32_bits=0x4A84020B,4325637.5
miniAMR_27point,256,4cpu,"0,1,2,3",8,1,Wheelchair_1.3.127_strict_native256,42.364303,checksum_f32_bits=0x4a842953,4330665.5
miniAMR_27point,256,4cpu,"0,1,2,3",8,2,GCC_C_strict_v3,69.943989,checksum_f32_bits=0x4a84020b,4325637.5
miniAMR_27point,256,4cpu,"0,1,2,3",9,0,Wheelchair_1.3.127_strict_native256,42.441066,checksum_f32_bits=0x4a842953,4330665.5
miniAMR_27point,256,4cpu,"0,1,2,3",9,1,GCC_C_strict_v3,69.913872,checksum_f32_bits=0x4a84020b,4325637.5
miniAMR_27point,256,4cpu,"0,1,2,3",9,2,GFortran_strict_v3,114.704346,checksum_f32_bits=0x4A84020B,4325637.5
miniAMR_27point,256,4cpu,"0,1,2,3",10,0,GCC_C_strict_v3,69.820622,checksum_f32_bits=0x4a84020b,4325637.5
miniAMR_27point,256,4cpu,"0,1,2,3",10,1,GFortran_strict_v3,115.091546,checksum_f32_bits=0x4A84020B,4325637.5
miniAMR_27point,256,4cpu,"0,1,2,3",10,2,Wheelchair_1.3.127_strict_native256,42.230784,checksum_f32_bits=0x4a842953,4330665.5
miniAMR_27point,256,4cpu,"0,1,2,3",11,0,GFortran_strict_v3,114.696712,checksum_f32_bits=0x4A84020B,4325637.5
miniAMR_27point,256,4cpu,"0,1,2,3",11,1,Wheelchair_1.3.127_strict_native256,42.363091,checksum_f32_bits=0x4a842953,4330665.5
miniAMR_27point,256,4cpu,"0,1,2,3",11,2,GCC_C_strict_v3,69.865435,checksum_f32_bits=0x4a84020b,4325637.5
miniAMR_27point,256,4cpu,"0,1,2,3",12,0,Wheelchair_1.3.127_strict_native256,42.784856,checksum_f32_bits=0x4a842953,4330665.5
miniAMR_27point,256,4cpu,"0,1,2,3",12,1,GCC_C_strict_v3,69.871373,checksum_f32_bits=0x4a84020b,4325637.5
miniAMR_27point,256,4cpu,"0,1,2,3",12,2,GFortran_strict_v3,114.938485,checksum_f32_bits=0x4A84020B,4325637.5
miniAMR_27point,256,4cpu,"0,1,2,3",13,0,GCC_C_strict_v3,69.872206,checksum_f32_bits=0x4a84020b,4325637.5
miniAMR_27point,256,4cpu,"0,1,2,3",13,1,GFortran_strict_v3,114.81337,checksum_f32_bits=0x4A84020B,4325637.5
miniAMR_27point,256,4cpu,"0,1,2,3",13,2,Wheelchair_1.3.127_strict_native256,42.420849,checksum_f32_bits=0x4a842953,4330665.5
miniAMR_27point,256,4cpu,"0,1,2,3",14,0,GFortran_strict_v3,114.769137,checksum_f32_bits=0x4A84020B,4325637.5
miniAMR_27point,256,4cpu,"0,1,2,3",14,1,Wheelchair_1.3.127_strict_native256,42.317536,checksum_f32_bits=0x4a842953,4330665.5
miniAMR_27point,256,4cpu,"0,1,2,3",14,2,GCC_C_strict_v3,69.932536,checksum_f32_bits=0x4a84020b,4325637.5
miniFE_heat21,128,1cpu,0,0,0,Wheelchair_1.3.127_strict_native256,15.877593,checksum_f32_bits=0x492336d7,668525.4375
miniFE_heat21,128,1cpu,0,0,1,GCC_C_strict_v3,13.314909,checksum_f32_bits=0x49233457,668485.4375
miniFE_heat21,128,1cpu,0,0,2,GFortran_strict_v3,25.844603,checksum_f32_bits=0x49233457,668485.4375
miniFE_heat21,128,1cpu,0,1,0,GCC_C_strict_v3,13.257782,checksum_f32_bits=0x49233457,668485.4375
miniFE_heat21,128,1cpu,0,1,1,GFortran_strict_v3,26.15349,checksum_f32_bits=0x49233457,668485.4375
miniFE_heat21,128,1cpu,0,1,2,Wheelchair_1.3.127_strict_native256,15.909302,checksum_f32_bits=0x492336d7,668525.4375
miniFE_heat21,128,1cpu,0,2,0,GFortran_strict_v3,26.215715,checksum_f32_bits=0x49233457,668485.4375
miniFE_heat21,128,1cpu,0,2,1,Wheelchair_1.3.127_strict_native256,16.328323,checksum_f32_bits=0x492336d7,668525.4375
miniFE_heat21,128,1cpu,0,2,2,GCC_C_strict_v3,13.420215,checksum_f32_bits=0x49233457,668485.4375
miniFE_heat21,128,1cpu,0,3,0,Wheelchair_1.3.127_strict_native256,16.109125,checksum_f32_bits=0x492336d7,668525.4375
miniFE_heat21,128,1cpu,0,3,1,GCC_C_strict_v3,13.581295,checksum_f32_bits=0x49233457,668485.4375
miniFE_heat21,128,1cpu,0,3,2,GFortran_strict_v3,26.698324,checksum_f32_bits=0x49233457,668485.4375
miniFE_heat21,128,1cpu,0,4,0,GCC_C_strict_v3,13.504311,checksum_f32_bits=0x49233457,668485.4375
miniFE_heat21,128,1cpu,0,4,1,GFortran_strict_v3,26.173666,checksum_f32_bits=0x49233457,668485.4375
miniFE_heat21,128,1cpu,0,4,2,Wheelchair_1.3.127_strict_native256,16.252402,checksum_f32_bits=0x492336d7,668525.4375
miniFE_heat21,128,1cpu,0,5,0,GFortran_strict_v3,26.045528,checksum_f32_bits=0x49233457,668485.4375
miniFE_heat21,128,1cpu,0,5,1,Wheelchair_1.3.127_strict_native256,16.328913,checksum_f32_bits=0x492336d7,668525.4375
miniFE_heat21,128,1cpu,0,5,2,GCC_C_strict_v3,13.243796,checksum_f32_bits=0x49233457,668485.4375
miniFE_heat21,128,1cpu,0,6,0,Wheelchair_1.3.127_strict_native256,15.701275,checksum_f32_bits=0x492336d7,668525.4375
miniFE_heat21,128,1cpu,0,6,1,GCC_C_strict_v3,13.131816,checksum_f32_bits=0x49233457,668485.4375
miniFE_heat21,128,1cpu,0,6,2,GFortran_strict_v3,26.112673,checksum_f32_bits=0x49233457,668485.4375
miniFE_heat21,128,1cpu,0,7,0,GCC_C_strict_v3,13.333924,checksum_f32_bits=0x49233457,668485.4375
miniFE_heat21,128,1cpu,0,7,1,GFortran_strict_v3,26.04127,checksum_f32_bits=0x49233457,668485.4375
miniFE_heat21,128,1cpu,0,7,2,Wheelchair_1.3.127_strict_native256,15.855432,checksum_f32_bits=0x492336d7,668525.4375
miniFE_heat21,128,1cpu,0,8,0,GFortran_strict_v3,26.089951,checksum_f32_bits=0x49233457,668485.4375
miniFE_heat21,128,1cpu,0,8,1,Wheelchair_1.3.127_strict_native256,16.816392,checksum_f32_bits=0x492336d7,668525.4375
miniFE_heat21,128,1cpu,0,8,2,GCC_C_strict_v3,13.486147,checksum_f32_bits=0x49233457,668485.4375
miniFE_heat21,128,1cpu,0,9,0,Wheelchair_1.3.127_strict_native256,16.325889,checksum_f32_bits=0x492336d7,668525.4375
miniFE_heat21,128,1cpu,0,9,1,GCC_C_strict_v3,13.173164,checksum_f32_bits=0x49233457,668485.4375
miniFE_heat21,128,1cpu,0,9,2,GFortran_strict_v3,26.001716,checksum_f32_bits=0x49233457,668485.4375
miniFE_heat21,128,1cpu,0,10,0,GCC_C_strict_v3,13.099877,checksum_f32_bits=0x49233457,668485.4375
miniFE_heat21,128,1cpu,0,10,1,GFortran_strict_v3,25.83164,checksum_f32_bits=0x49233457,668485.4375
miniFE_heat21,128,1cpu,0,10,2,Wheelchair_1.3.127_strict_native256,16.131316,checksum_f32_bits=0x492336d7,668525.4375
miniFE_heat21,128,1cpu,0,11,0,GFortran_strict_v3,25.900948,checksum_f32_bits=0x49233457,668485.4375
miniFE_heat21,128,1cpu,0,11,1,Wheelchair_1.3.127_strict_native256,15.702006,checksum_f32_bits=0x492336d7,668525.4375
miniFE_heat21,128,1cpu,0,11,2,GCC_C_strict_v3,13.104346,checksum_f32_bits=0x49233457,668485.4375
miniFE_heat21,128,1cpu,0,12,0,Wheelchair_1.3.127_strict_native256,15.689934,checksum_f32_bits=0x492336d7,668525.4375
miniFE_heat21,128,1cpu,0,12,1,GCC_C_strict_v3,13.256339,checksum_f32_bits=0x49233457,668485.4375
miniFE_heat21,128,1cpu,0,12,2,GFortran_strict_v3,26.147478,checksum_f32_bits=0x49233457,668485.4375
miniFE_heat21,128,1cpu,0,13,0,GCC_C_strict_v3,13.31608,checksum_f32_bits=0x49233457,668485.4375
miniFE_heat21,128,1cpu,0,13,1,GFortran_strict_v3,26.220785,checksum_f32_bits=0x49233457,668485.4375
miniFE_heat21,128,1cpu,0,13,2,Wheelchair_1.3.127_strict_native256,16.241681,checksum_f32_bits=0x492336d7,668525.4375
miniFE_heat21,128,1cpu,0,14,0,GFortran_strict_v3,25.922689,checksum_f32_bits=0x49233457,668485.4375
miniFE_heat21,128,1cpu,0,14,1,Wheelchair_1.3.127_strict_native256,15.661831,checksum_f32_bits=0x492336d7,668525.4375
miniFE_heat21,128,1cpu,0,14,2,GCC_C_strict_v3,13.155562,checksum_f32_bits=0x49233457,668485.4375
miniFE_heat21,128,4cpu,"0,1,2,3",0,0,Wheelchair_1.3.127_strict_native256,8.150486,checksum_f32_bits=0x4923375d,668533.8125
miniFE_heat21,128,4cpu,"0,1,2,3",0,1,GCC_C_strict_v3,7.792549,checksum_f32_bits=0x492337b6,668539.375
miniFE_heat21,128,4cpu,"0,1,2,3",0,2,GFortran_strict_v3,14.253467,checksum_f32_bits=0x492337B6,668539.375
miniFE_heat21,128,4cpu,"0,1,2,3",1,0,GCC_C_strict_v3,7.852872,checksum_f32_bits=0x492337b6,668539.375
miniFE_heat21,128,4cpu,"0,1,2,3",1,1,GFortran_strict_v3,14.686607,checksum_f32_bits=0x492337B6,668539.375
miniFE_heat21,128,4cpu,"0,1,2,3",1,2,Wheelchair_1.3.127_strict_native256,8.905062,checksum_f32_bits=0x4923375d,668533.8125
miniFE_heat21,128,4cpu,"0,1,2,3",2,0,GFortran_strict_v3,14.282591,checksum_f32_bits=0x492337B6,668539.375
miniFE_heat21,128,4cpu,"0,1,2,3",2,1,Wheelchair_1.3.127_strict_native256,8.134796,checksum_f32_bits=0x4923375d,668533.8125
miniFE_heat21,128,4cpu,"0,1,2,3",2,2,GCC_C_strict_v3,7.818497,checksum_f32_bits=0x492337b6,668539.375
miniFE_heat21,128,4cpu,"0,1,2,3",3,0,Wheelchair_1.3.127_strict_native256,8.121262,checksum_f32_bits=0x4923375d,668533.8125
miniFE_heat21,128,4cpu,"0,1,2,3",3,1,GCC_C_strict_v3,7.765286,checksum_f32_bits=0x492337b6,668539.375
miniFE_heat21,128,4cpu,"0,1,2,3",3,2,GFortran_strict_v3,14.520815,checksum_f32_bits=0x492337B6,668539.375
miniFE_heat21,128,4cpu,"0,1,2,3",4,0,GCC_C_strict_v3,8.085184,checksum_f32_bits=0x492337b6,668539.375
miniFE_heat21,128,4cpu,"0,1,2,3",4,1,GFortran_strict_v3,14.493073,checksum_f32_bits=0x492337B6,668539.375
miniFE_heat21,128,4cpu,"0,1,2,3",4,2,Wheelchair_1.3.127_strict_native256,8.1953,checksum_f32_bits=0x4923375d,668533.8125
miniFE_heat21,128,4cpu,"0,1,2,3",5,0,GFortran_strict_v3,14.49635,checksum_f32_bits=0x492337B6,668539.375
miniFE_heat21,128,4cpu,"0,1,2,3",5,1,Wheelchair_1.3.127_strict_native256,8.31414,checksum_f32_bits=0x4923375d,668533.8125
miniFE_heat21,128,4cpu,"0,1,2,3",5,2,GCC_C_strict_v3,7.870013,checksum_f32_bits=0x492337b6,668539.375
miniFE_heat21,128,4cpu,"0,1,2,3",6,0,Wheelchair_1.3.127_strict_native256,8.128836,checksum_f32_bits=0x4923375d,668533.8125
miniFE_heat21,128,4cpu,"0,1,2,3",6,1,GCC_C_strict_v3,7.824889,checksum_f32_bits=0x492337b6,668539.375
miniFE_heat21,128,4cpu,"0,1,2,3",6,2,GFortran_strict_v3,14.251764,checksum_f32_bits=0x492337B6,668539.375
miniFE_heat21,128,4cpu,"0,1,2,3",7,0,GCC_C_strict_v3,7.813668,checksum_f32_bits=0x492337b6,668539.375
miniFE_heat21,128,4cpu,"0,1,2,3",7,1,GFortran_strict_v3,14.200608,checksum_f32_bits=0x492337B6,668539.375
miniFE_heat21,128,4cpu,"0,1,2,3",7,2,Wheelchair_1.3.127_strict_native256,8.105663,checksum_f32_bits=0x4923375d,668533.8125
miniFE_heat21,128,4cpu,"0,1,2,3",8,0,GFortran_strict_v3,14.205327,checksum_f32_bits=0x492337B6,668539.375
miniFE_heat21,128,4cpu,"0,1,2,3",8,1,Wheelchair_1.3.127_strict_native256,8.091737,checksum_f32_bits=0x4923375d,668533.8125
miniFE_heat21,128,4cpu,"0,1,2,3",8,2,GCC_C_strict_v3,7.736387,checksum_f32_bits=0x492337b6,668539.375
miniFE_heat21,128,4cpu,"0,1,2,3",9,0,Wheelchair_1.3.127_strict_native256,8.062021,checksum_f32_bits=0x4923375d,668533.8125
miniFE_heat21,128,4cpu,"0,1,2,3",9,1,GCC_C_strict_v3,7.681268,checksum_f32_bits=0x492337b6,668539.375
miniFE_heat21,128,4cpu,"0,1,2,3",9,2,GFortran_strict_v3,14.20647,checksum_f32_bits=0x492337B6,668539.375
miniFE_heat21,128,4cpu,"0,1,2,3",10,0,GCC_C_strict_v3,7.733833,checksum_f32_bits=0x492337b6,668539.375
miniFE_heat21,128,4cpu,"0,1,2,3",10,1,GFortran_strict_v3,14.314871,checksum_f32_bits=0x492337B6,668539.375
miniFE_heat21,128,4cpu,"0,1,2,3",10,2,Wheelchair_1.3.127_strict_native256,8.220576,checksum_f32_bits=0x4923375d,668533.8125
miniFE_heat21,128,4cpu,"0,1,2,3",11,0,GFortran_strict_v3,14.290493,checksum_f32_bits=0x492337B6,668539.375
miniFE_heat21,128,4cpu,"0,1,2,3",11,1,Wheelchair_1.3.127_strict_native256,8.542486,checksum_f32_bits=0x4923375d,668533.8125
miniFE_heat21,128,4cpu,"0,1,2,3",11,2,GCC_C_strict_v3,7.784797,checksum_f32_bits=0x492337b6,668539.375
miniFE_heat21,128,4cpu,"0,1,2,3",12,0,Wheelchair_1.3.127_strict_native256,8.101724,checksum_f32_bits=0x4923375d,668533.8125
miniFE_heat21,128,4cpu,"0,1,2,3",12,1,GCC_C_strict_v3,7.700204,checksum_f32_bits=0x492337b6,668539.375
miniFE_heat21,128,4cpu,"0,1,2,3",12,2,GFortran_strict_v3,14.198184,checksum_f32_bits=0x492337B6,668539.375
miniFE_heat21,128,4cpu,"0,1,2,3",13,0,GCC_C_strict_v3,7.682146,checksum_f32_bits=0x492337b6,668539.375
miniFE_heat21,128,4cpu,"0,1,2,3",13,1,GFortran_strict_v3,14.114969,checksum_f32_bits=0x492337B6,668539.375
miniFE_heat21,128,4cpu,"0,1,2,3",13,2,Wheelchair_1.3.127_strict_native256,8.116122,checksum_f32_bits=0x4923375d,668533.8125
miniFE_heat21,128,4cpu,"0,1,2,3",14,0,GFortran_strict_v3,14.202382,checksum_f32_bits=0x492337B6,668539.375
miniFE_heat21,128,4cpu,"0,1,2,3",14,1,Wheelchair_1.3.127_strict_native256,8.083091,checksum_f32_bits=0x4923375d,668533.8125
miniFE_heat21,128,4cpu,"0,1,2,3",14,2,GCC_C_strict_v3,7.709153,checksum_f32_bits=0x492337b6,668539.375
miniFE_heat21,192,1cpu,0,0,0,Wheelchair_1.3.127_strict_native256,159.960287,checksum_f32_bits=0x4a683e50,3805076.0
miniFE_heat21,192,1cpu,0,0,1,GCC_C_strict_v3,40.868947,checksum_f32_bits=0x4a67f9ab,3800682.75
miniFE_heat21,192,1cpu,0,0,2,GFortran_strict_v3,82.854087,checksum_f32_bits=0x4A67F9AB,3800682.75
miniFE_heat21,192,1cpu,0,1,0,GCC_C_strict_v3,40.993899,checksum_f32_bits=0x4a67f9ab,3800682.75
miniFE_heat21,192,1cpu,0,1,1,GFortran_strict_v3,84.719998,checksum_f32_bits=0x4A67F9AB,3800682.75
miniFE_heat21,192,1cpu,0,1,2,Wheelchair_1.3.127_strict_native256,149.939563,checksum_f32_bits=0x4a683e50,3805076.0
miniFE_heat21,192,1cpu,0,2,0,GFortran_strict_v3,84.675364,checksum_f32_bits=0x4A67F9AB,3800682.75
miniFE_heat21,192,1cpu,0,2,1,Wheelchair_1.3.127_strict_native256,145.651655,checksum_f32_bits=0x4a683e50,3805076.0
miniFE_heat21,192,1cpu,0,2,2,GCC_C_strict_v3,41.225711,checksum_f32_bits=0x4a67f9ab,3800682.75
miniFE_heat21,192,1cpu,0,3,0,Wheelchair_1.3.127_strict_native256,146.725345,checksum_f32_bits=0x4a683e50,3805076.0
miniFE_heat21,192,1cpu,0,3,1,GCC_C_strict_v3,40.928307,checksum_f32_bits=0x4a67f9ab,3800682.75
miniFE_heat21,192,1cpu,0,3,2,GFortran_strict_v3,82.95528,checksum_f32_bits=0x4A67F9AB,3800682.75
miniFE_heat21,192,1cpu,0,4,0,GCC_C_strict_v3,41.072105,checksum_f32_bits=0x4a67f9ab,3800682.75
miniFE_heat21,192,1cpu,0,4,1,GFortran_strict_v3,83.149402,checksum_f32_bits=0x4A67F9AB,3800682.75
miniFE_heat21,192,1cpu,0,4,2,Wheelchair_1.3.127_strict_native256,146.757014,checksum_f32_bits=0x4a683e50,3805076.0
miniFE_heat21,192,1cpu,0,5,0,GFortran_strict_v3,82.999483,checksum_f32_bits=0x4A67F9AB,3800682.75
miniFE_heat21,192,1cpu,0,5,1,Wheelchair_1.3.127_strict_native256,146.384691,checksum_f32_bits=0x4a683e50,3805076.0
miniFE_heat21,192,1cpu,0,5,2,GCC_C_strict_v3,40.977899,checksum_f32_bits=0x4a67f9ab,3800682.75
miniFE_heat21,192,1cpu,0,6,0,Wheelchair_1.3.127_strict_native256,153.906569,checksum_f32_bits=0x4a683e50,3805076.0
miniFE_heat21,192,1cpu,0,6,1,GCC_C_strict_v3,40.871831,checksum_f32_bits=0x4a67f9ab,3800682.75
miniFE_heat21,192,1cpu,0,6,2,GFortran_strict_v3,84.621873,checksum_f32_bits=0x4A67F9AB,3800682.75
miniFE_heat21,192,1cpu,0,7,0,GCC_C_strict_v3,40.81737,checksum_f32_bits=0x4a67f9ab,3800682.75
miniFE_heat21,192,1cpu,0,7,1,GFortran_strict_v3,82.674456,checksum_f32_bits=0x4A67F9AB,3800682.75
miniFE_heat21,192,1cpu,0,7,2,Wheelchair_1.3.127_strict_native256,145.542048,checksum_f32_bits=0x4a683e50,3805076.0
miniFE_heat21,192,1cpu,0,8,0,GFortran_strict_v3,82.776576,checksum_f32_bits=0x4A67F9AB,3800682.75
miniFE_heat21,192,1cpu,0,8,1,Wheelchair_1.3.127_strict_native256,146.076754,checksum_f32_bits=0x4a683e50,3805076.0
miniFE_heat21,192,1cpu,0,8,2,GCC_C_strict_v3,40.897649,checksum_f32_bits=0x4a67f9ab,3800682.75
miniFE_heat21,192,1cpu,0,9,0,Wheelchair_1.3.127_strict_native256,146.426365,checksum_f32_bits=0x4a683e50,3805076.0
miniFE_heat21,192,1cpu,0,9,1,GCC_C_strict_v3,40.865219,checksum_f32_bits=0x4a67f9ab,3800682.75
miniFE_heat21,192,1cpu,0,9,2,GFortran_strict_v3,82.71404,checksum_f32_bits=0x4A67F9AB,3800682.75
miniFE_heat21,192,1cpu,0,10,0,GCC_C_strict_v3,40.845673,checksum_f32_bits=0x4a67f9ab,3800682.75
miniFE_heat21,192,1cpu,0,10,1,GFortran_strict_v3,82.964586,checksum_f32_bits=0x4A67F9AB,3800682.75
miniFE_heat21,192,1cpu,0,10,2,Wheelchair_1.3.127_strict_native256,145.534705,checksum_f32_bits=0x4a683e50,3805076.0
miniFE_heat21,192,1cpu,0,11,0,GFortran_strict_v3,83.094348,checksum_f32_bits=0x4A67F9AB,3800682.75
miniFE_heat21,192,1cpu,0,11,1,Wheelchair_1.3.127_strict_native256,145.809135,checksum_f32_bits=0x4a683e50,3805076.0
miniFE_heat21,192,1cpu,0,11,2,GCC_C_strict_v3,40.853297,checksum_f32_bits=0x4a67f9ab,3800682.75
miniFE_heat21,192,1cpu,0,12,0,Wheelchair_1.3.127_strict_native256,145.541807,checksum_f32_bits=0x4a683e50,3805076.0
miniFE_heat21,192,1cpu,0,12,1,GCC_C_strict_v3,41.004949,checksum_f32_bits=0x4a67f9ab,3800682.75
miniFE_heat21,192,1cpu,0,12,2,GFortran_strict_v3,84.758389,checksum_f32_bits=0x4A67F9AB,3800682.75
miniFE_heat21,192,1cpu,0,13,0,GCC_C_strict_v3,40.707454,checksum_f32_bits=0x4a67f9ab,3800682.75
miniFE_heat21,192,1cpu,0,13,1,GFortran_strict_v3,83.374419,checksum_f32_bits=0x4A67F9AB,3800682.75
miniFE_heat21,192,1cpu,0,13,2,Wheelchair_1.3.127_strict_native256,148.537707,checksum_f32_bits=0x4a683e50,3805076.0
miniFE_heat21,192,1cpu,0,14,0,GFortran_strict_v3,82.721313,checksum_f32_bits=0x4A67F9AB,3800682.75
miniFE_heat21,192,1cpu,0,14,1,Wheelchair_1.3.127_strict_native256,145.069477,checksum_f32_bits=0x4a683e50,3805076.0
miniFE_heat21,192,1cpu,0,14,2,GCC_C_strict_v3,40.410983,checksum_f32_bits=0x4a67f9ab,3800682.75
miniFE_heat21,192,4cpu,"0,1,2,3",0,0,Wheelchair_1.3.127_strict_native256,51.682768,checksum_f32_bits=0x4a683b45,3804881.25
miniFE_heat21,192,4cpu,"0,1,2,3",0,1,GCC_C_strict_v3,21.738251,checksum_f32_bits=0x4a682773,3803612.75
miniFE_heat21,192,4cpu,"0,1,2,3",0,2,GFortran_strict_v3,42.835281,checksum_f32_bits=0x4A682773,3803612.75
miniFE_heat21,192,4cpu,"0,1,2,3",1,0,GCC_C_strict_v3,21.757454,checksum_f32_bits=0x4a682773,3803612.75
miniFE_heat21,192,4cpu,"0,1,2,3",1,1,GFortran_strict_v3,42.802767,checksum_f32_bits=0x4A682773,3803612.75
miniFE_heat21,192,4cpu,"0,1,2,3",1,2,Wheelchair_1.3.127_strict_native256,51.898911,checksum_f32_bits=0x4a683b45,3804881.25
miniFE_heat21,192,4cpu,"0,1,2,3",2,0,GFortran_strict_v3,42.830689,checksum_f32_bits=0x4A682773,3803612.75
miniFE_heat21,192,4cpu,"0,1,2,3",2,1,Wheelchair_1.3.127_strict_native256,51.641061,checksum_f32_bits=0x4a683b45,3804881.25
miniFE_heat21,192,4cpu,"0,1,2,3",2,2,GCC_C_strict_v3,21.702184,checksum_f32_bits=0x4a682773,3803612.75
miniFE_heat21,192,4cpu,"0,1,2,3",3,0,Wheelchair_1.3.127_strict_native256,51.695422,checksum_f32_bits=0x4a683b45,3804881.25
miniFE_heat21,192,4cpu,"0,1,2,3",3,1,GCC_C_strict_v3,21.727712,checksum_f32_bits=0x4a682773,3803612.75
miniFE_heat21,192,4cpu,"0,1,2,3",3,2,GFortran_strict_v3,45.44029,checksum_f32_bits=0x4A682773,3803612.75
miniFE_heat21,192,4cpu,"0,1,2,3",4,0,GCC_C_strict_v3,21.758619,checksum_f32_bits=0x4a682773,3803612.75
miniFE_heat21,192,4cpu,"0,1,2,3",4,1,GFortran_strict_v3,42.783993,checksum_f32_bits=0x4A682773,3803612.75
miniFE_heat21,192,4cpu,"0,1,2,3",4,2,Wheelchair_1.3.127_strict_native256,51.619741,checksum_f32_bits=0x4a683b45,3804881.25
miniFE_heat21,192,4cpu,"0,1,2,3",5,0,GFortran_strict_v3,42.804692,checksum_f32_bits=0x4A682773,3803612.75
miniFE_heat21,192,4cpu,"0,1,2,3",5,1,Wheelchair_1.3.127_strict_native256,51.703317,checksum_f32_bits=0x4a683b45,3804881.25
miniFE_heat21,192,4cpu,"0,1,2,3",5,2,GCC_C_strict_v3,21.81253,checksum_f32_bits=0x4a682773,3803612.75
miniFE_heat21,192,4cpu,"0,1,2,3",6,0,Wheelchair_1.3.127_strict_native256,51.624951,checksum_f32_bits=0x4a683b45,3804881.25
miniFE_heat21,192,4cpu,"0,1,2,3",6,1,GCC_C_strict_v3,21.683719,checksum_f32_bits=0x4a682773,3803612.75
miniFE_heat21,192,4cpu,"0,1,2,3",6,2,GFortran_strict_v3,42.792689,checksum_f32_bits=0x4A682773,3803612.75
miniFE_heat21,192,4cpu,"0,1,2,3",7,0,GCC_C_strict_v3,21.727282,checksum_f32_bits=0x4a682773,3803612.75
miniFE_heat21,192,4cpu,"0,1,2,3",7,1,GFortran_strict_v3,42.764606,checksum_f32_bits=0x4A682773,3803612.75
miniFE_heat21,192,4cpu,"0,1,2,3",7,2,Wheelchair_1.3.127_strict_native256,51.716423,checksum_f32_bits=0x4a683b45,3804881.25
miniFE_heat21,192,4cpu,"0,1,2,3",8,0,GFortran_strict_v3,42.952063,checksum_f32_bits=0x4A682773,3803612.75
miniFE_heat21,192,4cpu,"0,1,2,3",8,1,Wheelchair_1.3.127_strict_native256,51.628397,checksum_f32_bits=0x4a683b45,3804881.25
miniFE_heat21,192,4cpu,"0,1,2,3",8,2,GCC_C_strict_v3,21.745104,checksum_f32_bits=0x4a682773,3803612.75
miniFE_heat21,192,4cpu,"0,1,2,3",9,0,Wheelchair_1.3.127_strict_native256,51.709428,checksum_f32_bits=0x4a683b45,3804881.25
miniFE_heat21,192,4cpu,"0,1,2,3",9,1,GCC_C_strict_v3,21.798944,checksum_f32_bits=0x4a682773,3803612.75
miniFE_heat21,192,4cpu,"0,1,2,3",9,2,GFortran_strict_v3,42.764416,checksum_f32_bits=0x4A682773,3803612.75
miniFE_heat21,192,4cpu,"0,1,2,3",10,0,GCC_C_strict_v3,21.768036,checksum_f32_bits=0x4a682773,3803612.75
miniFE_heat21,192,4cpu,"0,1,2,3",10,1,GFortran_strict_v3,42.816654,checksum_f32_bits=0x4A682773,3803612.75
miniFE_heat21,192,4cpu,"0,1,2,3",10,2,Wheelchair_1.3.127_strict_native256,51.693358,checksum_f32_bits=0x4a683b45,3804881.25
miniFE_heat21,192,4cpu,"0,1,2,3",11,0,GFortran_strict_v3,42.824979,checksum_f32_bits=0x4A682773,3803612.75
miniFE_heat21,192,4cpu,"0,1,2,3",11,1,Wheelchair_1.3.127_strict_native256,51.796741,checksum_f32_bits=0x4a683b45,3804881.25
miniFE_heat21,192,4cpu,"0,1,2,3",11,2,GCC_C_strict_v3,21.767666,checksum_f32_bits=0x4a682773,3803612.75
miniFE_heat21,192,4cpu,"0,1,2,3",12,0,Wheelchair_1.3.127_strict_native256,53.268331,checksum_f32_bits=0x4a683b45,3804881.25
miniFE_heat21,192,4cpu,"0,1,2,3",12,1,GCC_C_strict_v3,21.792222,checksum_f32_bits=0x4a682773,3803612.75
miniFE_heat21,192,4cpu,"0,1,2,3",12,2,GFortran_strict_v3,42.852029,checksum_f32_bits=0x4A682773,3803612.75
miniFE_heat21,192,4cpu,"0,1,2,3",13,0,GCC_C_strict_v3,21.723444,checksum_f32_bits=0x4a682773,3803612.75
miniFE_heat21,192,4cpu,"0,1,2,3",13,1,GFortran_strict_v3,42.825561,checksum_f32_bits=0x4A682773,3803612.75
miniFE_heat21,192,4cpu,"0,1,2,3",13,2,Wheelchair_1.3.127_strict_native256,51.777619,checksum_f32_bits=0x4a683b45,3804881.25
miniFE_heat21,192,4cpu,"0,1,2,3",14,0,GFortran_strict_v3,42.807021,checksum_f32_bits=0x4A682773,3803612.75
miniFE_heat21,192,4cpu,"0,1,2,3",14,1,Wheelchair_1.3.127_strict_native256,51.771283,checksum_f32_bits=0x4a683b45,3804881.25
miniFE_heat21,192,4cpu,"0,1,2,3",14,2,GCC_C_strict_v3,21.797462,checksum_f32_bits=0x4a682773,3803612.75
miniFE_heat21,256,1cpu,0,0,0,Wheelchair_1.3.127_strict_native256,79.028625,checksum_f32_bits=0x4b2190cd,10588365.0
miniFE_heat21,256,1cpu,0,0,1,GCC_C_strict_v3,112.984373,checksum_f32_bits=0x4b2170c7,10580167.0
miniFE_heat21,256,1cpu,0,0,2,GFortran_strict_v3,238.381768,checksum_f32_bits=0x4B2170C7,10580167.0
miniFE_heat21,256,1cpu,0,1,0,GCC_C_strict_v3,94.415376,checksum_f32_bits=0x4b2170c7,10580167.0
miniFE_heat21,256,1cpu,0,1,1,GFortran_strict_v3,192.89019,checksum_f32_bits=0x4B2170C7,10580167.0
miniFE_heat21,256,1cpu,0,1,2,Wheelchair_1.3.127_strict_native256,78.573247,checksum_f32_bits=0x4b2190cd,10588365.0
miniFE_heat21,256,1cpu,0,2,0,GFortran_strict_v3,193.577883,checksum_f32_bits=0x4B2170C7,10580167.0
miniFE_heat21,256,1cpu,0,2,1,Wheelchair_1.3.127_strict_native256,77.697826,checksum_f32_bits=0x4b2190cd,10588365.0
miniFE_heat21,256,1cpu,0,2,2,GCC_C_strict_v3,94.186559,checksum_f32_bits=0x4b2170c7,10580167.0
miniFE_heat21,256,1cpu,0,3,0,Wheelchair_1.3.127_strict_native256,74.929499,checksum_f32_bits=0x4b2190cd,10588365.0
miniFE_heat21,256,1cpu,0,3,1,GCC_C_strict_v3,95.070435,checksum_f32_bits=0x4b2170c7,10580167.0
miniFE_heat21,256,1cpu,0,3,2,GFortran_strict_v3,193.732892,checksum_f32_bits=0x4B2170C7,10580167.0
miniFE_heat21,256,1cpu,0,4,0,GCC_C_strict_v3,94.980518,checksum_f32_bits=0x4b2170c7,10580167.0
miniFE_heat21,256,1cpu,0,4,1,GFortran_strict_v3,193.240746,checksum_f32_bits=0x4B2170C7,10580167.0
miniFE_heat21,256,1cpu,0,4,2,Wheelchair_1.3.127_strict_native256,75.265986,checksum_f32_bits=0x4b2190cd,10588365.0
miniFE_heat21,256,1cpu,0,5,0,GFortran_strict_v3,193.202614,checksum_f32_bits=0x4B2170C7,10580167.0
miniFE_heat21,256,1cpu,0,5,1,Wheelchair_1.3.127_strict_native256,74.940691,checksum_f32_bits=0x4b2190cd,10588365.0
miniFE_heat21,256,1cpu,0,5,2,GCC_C_strict_v3,94.716456,checksum_f32_bits=0x4b2170c7,10580167.0
miniFE_heat21,256,1cpu,0,6,0,Wheelchair_1.3.127_strict_native256,74.79019,checksum_f32_bits=0x4b2190cd,10588365.0
miniFE_heat21,256,1cpu,0,6,1,GCC_C_strict_v3,94.351417,checksum_f32_bits=0x4b2170c7,10580167.0
miniFE_heat21,256,1cpu,0,6,2,GFortran_strict_v3,193.770622,checksum_f32_bits=0x4B2170C7,10580167.0
miniFE_heat21,256,1cpu,0,7,0,GCC_C_strict_v3,94.743897,checksum_f32_bits=0x4b2170c7,10580167.0
miniFE_heat21,256,1cpu,0,7,1,GFortran_strict_v3,194.253202,checksum_f32_bits=0x4B2170C7,10580167.0
miniFE_heat21,256,1cpu,0,7,2,Wheelchair_1.3.127_strict_native256,74.612349,checksum_f32_bits=0x4b2190cd,10588365.0
miniFE_heat21,256,1cpu,0,8,0,GFortran_strict_v3,193.03405,checksum_f32_bits=0x4B2170C7,10580167.0
miniFE_heat21,256,1cpu,0,8,1,Wheelchair_1.3.127_strict_native256,77.256023,checksum_f32_bits=0x4b2190cd,10588365.0
miniFE_heat21,256,1cpu,0,8,2,GCC_C_strict_v3,94.551507,checksum_f32_bits=0x4b2170c7,10580167.0
miniFE_heat21,256,1cpu,0,9,0,Wheelchair_1.3.127_strict_native256,74.604229,checksum_f32_bits=0x4b2190cd,10588365.0
miniFE_heat21,256,1cpu,0,9,1,GCC_C_strict_v3,94.773757,checksum_f32_bits=0x4b2170c7,10580167.0
miniFE_heat21,256,1cpu,0,9,2,GFortran_strict_v3,192.924204,checksum_f32_bits=0x4B2170C7,10580167.0
miniFE_heat21,256,1cpu,0,10,0,GCC_C_strict_v3,94.900994,checksum_f32_bits=0x4b2170c7,10580167.0
miniFE_heat21,256,1cpu,0,10,1,GFortran_strict_v3,193.504615,checksum_f32_bits=0x4B2170C7,10580167.0
miniFE_heat21,256,1cpu,0,10,2,Wheelchair_1.3.127_strict_native256,74.59922,checksum_f32_bits=0x4b2190cd,10588365.0
miniFE_heat21,256,1cpu,0,11,0,GFortran_strict_v3,193.015223,checksum_f32_bits=0x4B2170C7,10580167.0
miniFE_heat21,256,1cpu,0,11,1,Wheelchair_1.3.127_strict_native256,78.528187,checksum_f32_bits=0x4b2190cd,10588365.0
miniFE_heat21,256,1cpu,0,11,2,GCC_C_strict_v3,94.735766,checksum_f32_bits=0x4b2170c7,10580167.0
miniFE_heat21,256,1cpu,0,12,0,Wheelchair_1.3.127_strict_native256,74.702142,checksum_f32_bits=0x4b2190cd,10588365.0
miniFE_heat21,256,1cpu,0,12,1,GCC_C_strict_v3,94.972197,checksum_f32_bits=0x4b2170c7,10580167.0
miniFE_heat21,256,1cpu,0,12,2,GFortran_strict_v3,193.36827,checksum_f32_bits=0x4B2170C7,10580167.0
miniFE_heat21,256,1cpu,0,13,0,GCC_C_strict_v3,94.588632,checksum_f32_bits=0x4b2170c7,10580167.0
miniFE_heat21,256,1cpu,0,13,1,GFortran_strict_v3,192.925206,checksum_f32_bits=0x4B2170C7,10580167.0
miniFE_heat21,256,1cpu,0,13,2,Wheelchair_1.3.127_strict_native256,105.927592,checksum_f32_bits=0x4b2190cd,10588365.0
miniFE_heat21,256,1cpu,0,14,0,GFortran_strict_v3,193.41634,checksum_f32_bits=0x4B2170C7,10580167.0
miniFE_heat21,256,1cpu,0,14,1,Wheelchair_1.3.127_strict_native256,74.736145,checksum_f32_bits=0x4b2190cd,10588365.0
miniFE_heat21,256,1cpu,0,14,2,GCC_C_strict_v3,94.246825,checksum_f32_bits=0x4b2170c7,10580167.0
miniFE_heat21,256,4cpu,"0,1,2,3",0,0,Wheelchair_1.3.127_strict_native256,36.011936,checksum_f32_bits=0x4b218cbc,10587324.0
miniFE_heat21,256,4cpu,"0,1,2,3",0,1,GCC_C_strict_v3,50.789484,checksum_f32_bits=0x4b2188c8,10586312.0
miniFE_heat21,256,4cpu,"0,1,2,3",0,2,GFortran_strict_v3,98.428815,checksum_f32_bits=0x4B2188C8,10586312.0
miniFE_heat21,256,4cpu,"0,1,2,3",1,0,GCC_C_strict_v3,48.713695,checksum_f32_bits=0x4b2188c8,10586312.0
miniFE_heat21,256,4cpu,"0,1,2,3",1,1,GFortran_strict_v3,98.338066,checksum_f32_bits=0x4B2188C8,10586312.0
miniFE_heat21,256,4cpu,"0,1,2,3",1,2,Wheelchair_1.3.127_strict_native256,36.288241,checksum_f32_bits=0x4b218cbc,10587324.0
miniFE_heat21,256,4cpu,"0,1,2,3",2,0,GFortran_strict_v3,98.137963,checksum_f32_bits=0x4B2188C8,10586312.0
miniFE_heat21,256,4cpu,"0,1,2,3",2,1,Wheelchair_1.3.127_strict_native256,36.140035,checksum_f32_bits=0x4b218cbc,10587324.0
miniFE_heat21,256,4cpu,"0,1,2,3",2,2,GCC_C_strict_v3,48.773456,checksum_f32_bits=0x4b2188c8,10586312.0
miniFE_heat21,256,4cpu,"0,1,2,3",3,0,Wheelchair_1.3.127_strict_native256,36.326171,checksum_f32_bits=0x4b218cbc,10587324.0
miniFE_heat21,256,4cpu,"0,1,2,3",3,1,GCC_C_strict_v3,48.895033,checksum_f32_bits=0x4b2188c8,10586312.0
miniFE_heat21,256,4cpu,"0,1,2,3",3,2,GFortran_strict_v3,98.180149,checksum_f32_bits=0x4B2188C8,10586312.0
miniFE_heat21,256,4cpu,"0,1,2,3",4,0,GCC_C_strict_v3,48.903731,checksum_f32_bits=0x4b2188c8,10586312.0
miniFE_heat21,256,4cpu,"0,1,2,3",4,1,GFortran_strict_v3,98.232527,checksum_f32_bits=0x4B2188C8,10586312.0
miniFE_heat21,256,4cpu,"0,1,2,3",4,2,Wheelchair_1.3.127_strict_native256,35.908604,checksum_f32_bits=0x4b218cbc,10587324.0
miniFE_heat21,256,4cpu,"0,1,2,3",5,0,GFortran_strict_v3,98.235345,checksum_f32_bits=0x4B2188C8,10586312.0
miniFE_heat21,256,4cpu,"0,1,2,3",5,1,Wheelchair_1.3.127_strict_native256,36.258165,checksum_f32_bits=0x4b218cbc,10587324.0
miniFE_heat21,256,4cpu,"0,1,2,3",5,2,GCC_C_strict_v3,48.951661,checksum_f32_bits=0x4b2188c8,10586312.0
miniFE_heat21,256,4cpu,"0,1,2,3",6,0,Wheelchair_1.3.127_strict_native256,39.592064,checksum_f32_bits=0x4b218cbc,10587324.0
miniFE_heat21,256,4cpu,"0,1,2,3",6,1,GCC_C_strict_v3,48.859507,checksum_f32_bits=0x4b2188c8,10586312.0
miniFE_heat21,256,4cpu,"0,1,2,3",6,2,GFortran_strict_v3,98.056451,checksum_f32_bits=0x4B2188C8,10586312.0
miniFE_heat21,256,4cpu,"0,1,2,3",7,0,GCC_C_strict_v3,48.860368,checksum_f32_bits=0x4b2188c8,10586312.0
miniFE_heat21,256,4cpu,"0,1,2,3",7,1,GFortran_strict_v3,98.252307,checksum_f32_bits=0x4B2188C8,10586312.0
miniFE_heat21,256,4cpu,"0,1,2,3",7,2,Wheelchair_1.3.127_strict_native256,36.096985,checksum_f32_bits=0x4b218cbc,10587324.0
miniFE_heat21,256,4cpu,"0,1,2,3",8,0,GFortran_strict_v3,98.174972,checksum_f32_bits=0x4B2188C8,10586312.0
miniFE_heat21,256,4cpu,"0,1,2,3",8,1,Wheelchair_1.3.127_strict_native256,35.943509,checksum_f32_bits=0x4b218cbc,10587324.0
miniFE_heat21,256,4cpu,"0,1,2,3",8,2,GCC_C_strict_v3,48.720507,checksum_f32_bits=0x4b2188c8,10586312.0
miniFE_heat21,256,4cpu,"0,1,2,3",9,0,Wheelchair_1.3.127_strict_native256,36.385402,checksum_f32_bits=0x4b218cbc,10587324.0
miniFE_heat21,256,4cpu,"0,1,2,3",9,1,GCC_C_strict_v3,48.669622,checksum_f32_bits=0x4b2188c8,10586312.0
miniFE_heat21,256,4cpu,"0,1,2,3",9,2,GFortran_strict_v3,98.189048,checksum_f32_bits=0x4B2188C8,10586312.0
miniFE_heat21,256,4cpu,"0,1,2,3",10,0,GCC_C_strict_v3,48.887759,checksum_f32_bits=0x4b2188c8,10586312.0
miniFE_heat21,256,4cpu,"0,1,2,3",10,1,GFortran_strict_v3,98.011658,checksum_f32_bits=0x4B2188C8,10586312.0
miniFE_heat21,256,4cpu,"0,1,2,3",10,2,Wheelchair_1.3.127_strict_native256,36.042333,checksum_f32_bits=0x4b218cbc,10587324.0
miniFE_heat21,256,4cpu,"0,1,2,3",11,0,GFortran_strict_v3,98.567814,checksum_f32_bits=0x4B2188C8,10586312.0
miniFE_heat21,256,4cpu,"0,1,2,3",11,1,Wheelchair_1.3.127_strict_native256,35.982372,checksum_f32_bits=0x4b218cbc,10587324.0
miniFE_heat21,256,4cpu,"0,1,2,3",11,2,GCC_C_strict_v3,48.643314,checksum_f32_bits=0x4b2188c8,10586312.0
miniFE_heat21,256,4cpu,"0,1,2,3",12,0,Wheelchair_1.3.127_strict_native256,35.875131,checksum_f32_bits=0x4b218cbc,10587324.0
miniFE_heat21,256,4cpu,"0,1,2,3",12,1,GCC_C_strict_v3,48.813831,checksum_f32_bits=0x4b2188c8,10586312.0
miniFE_heat21,256,4cpu,"0,1,2,3",12,2,GFortran_strict_v3,99.127076,checksum_f32_bits=0x4B2188C8,10586312.0
miniFE_heat21,256,4cpu,"0,1,2,3",13,0,GCC_C_strict_v3,48.609771,checksum_f32_bits=0x4b2188c8,10586312.0
miniFE_heat21,256,4cpu,"0,1,2,3",13,1,GFortran_strict_v3,98.256574,checksum_f32_bits=0x4B2188C8,10586312.0
miniFE_heat21,256,4cpu,"0,1,2,3",13,2,Wheelchair_1.3.127_strict_native256,35.832102,checksum_f32_bits=0x4b218cbc,10587324.0
miniFE_heat21,256,4cpu,"0,1,2,3",14,0,GFortran_strict_v3,101.09465,checksum_f32_bits=0x4B2188C8,10586312.0
miniFE_heat21,256,4cpu,"0,1,2,3",14,1,Wheelchair_1.3.127_strict_native256,36.43838,checksum_f32_bits=0x4b218cbc,10587324.0
miniFE_heat21,256,4cpu,"0,1,2,3",14,2,GCC_C_strict_v3,48.748079,checksum_f32_bits=0x4b2188c8,10586312.0
