workload,n,cpu_set,implementation,median_ms,mad_ms,time_over_C,speedup_over_C
miniAMR_27point,128,1cpu,Wheelchair_1.3.127_strict_native256,19.47193,0.32416299999999865,0.924041056005432,1.0822029968267142
miniAMR_27point,128,1cpu,GCC_C_strict_v3,21.072581,0.21706299999999956,1.0,1.0
miniAMR_27point,128,1cpu,GFortran_strict_v3,37.157195,0.3892839999999964,1.7632958677439656,0.5671198000817876
miniAMR_27point,128,4cpu,Wheelchair_1.3.127_strict_native256,9.598429,0.04777900000000024,0.9226080091829901,1.0838839355898762
miniAMR_27point,128,4cpu,GCC_C_strict_v3,10.403583,0.05471099999999929,1.0,1.0
miniAMR_27point,128,4cpu,GFortran_strict_v3,16.366296,0.05809800000000109,1.5731403305957188,0.6356711989078042
miniAMR_27point,192,1cpu,Wheelchair_1.3.127_strict_native256,179.928198,0.833562999999998,2.718821220460289,0.3678064568845401
miniAMR_27point,192,1cpu,GCC_C_strict_v3,66.178753,0.1343300000000056,1.0,1.0
miniAMR_27point,192,1cpu,GFortran_strict_v3,116.91994,0.8802289999999999,1.7667292703445168,0.5660176784216618
miniAMR_27point,192,4cpu,Wheelchair_1.3.127_strict_native256,64.025492,0.1319960000000009,2.083593282852782,0.4799401151029031
miniAMR_27point,192,4cpu,GCC_C_strict_v3,30.728402,0.05657799999999824,1.0,1.0
miniAMR_27point,192,4cpu,GFortran_strict_v3,49.801687,0.07989299999999844,1.6207053982175839,0.6170152830364963
miniAMR_27point,256,1cpu,Wheelchair_1.3.127_strict_native256,92.920329,0.6917309999999901,0.6033739758465941,1.657346919208605
miniAMR_27point,256,1cpu,GCC_C_strict_v3,154.001221,0.33507500000001755,1.0,1.0
miniAMR_27point,256,1cpu,GFortran_strict_v3,279.637613,2.903763999999967,1.8158142590311022,0.5507171204468835
miniAMR_27point,256,4cpu,Wheelchair_1.3.127_strict_native256,42.441066,0.1598070000000007,0.6071922403467479,1.6469248675327806
miniAMR_27point,256,4cpu,GCC_C_strict_v3,69.897247,0.0352890000000059,1.0,1.0
miniAMR_27point,256,4cpu,GFortran_strict_v3,114.938485,0.15609800000000007,1.6443921603951013,0.6081274431275129
miniFE_heat21,128,1cpu,Wheelchair_1.3.127_strict_native256,16.109125,0.2197880000000012,1.215069383400632,0.8229982696142715
miniFE_heat21,128,1cpu,GCC_C_strict_v3,13.257782,0.10222000000000087,1.0,1.0
miniFE_heat21,128,1cpu,GFortran_strict_v3,26.089951,0.08823500000000095,1.967897118839335,0.5081566462121757
miniFE_heat21,128,4cpu,Wheelchair_1.3.127_strict_native256,8.128836,0.03709899999999955,1.0441937021607628,0.9576767202585955
miniFE_heat21,128,4cpu,GCC_C_strict_v3,7.784797,0.05096400000000045,1.0,1.0
miniFE_heat21,128,4cpu,GFortran_strict_v3,14.253467,0.05285899999999977,1.8309362466355898,0.5461686619823795
miniFE_heat21,192,1cpu,Wheelchair_1.3.127_strict_native256,146.384691,0.8426430000000096,3.581554518563164,0.27920837022499845
miniFE_heat21,192,1cpu,GCC_C_strict_v3,40.871831,0.05647599999999642,1.0,1.0
miniFE_heat21,192,1cpu,GFortran_strict_v3,82.999483,0.2781700000000029,2.0307258316858863,0.4924347661298083
miniFE_heat21,192,4cpu,Wheelchair_1.3.127_strict_native256,51.703317,0.06796599999999842,2.376349594948012,0.42081350409297724
miniFE_heat21,192,4cpu,GCC_C_strict_v3,21.757454,0.03017200000000031,1.0,1.0
miniFE_heat21,192,4cpu,GFortran_strict_v3,42.816654,0.01862700000000217,1.967907366367407,0.5081540000766991
miniFE_heat21,256,1cpu,Wheelchair_1.3.127_strict_native256,74.940691,0.3364619999999974,0.7910496126668781,1.2641432142652647
miniFE_heat21,256,1cpu,GCC_C_strict_v3,94.735766,0.23643099999999606,1.0,1.0
miniFE_heat21,256,1cpu,GFortran_strict_v3,193.36827,0.35304700000000366,2.0411327016662324,0.4899240501039803
miniFE_heat21,256,4cpu,Wheelchair_1.3.127_strict_native256,36.096985,0.1883809999999997,0.7394827298025429,1.3522966253275726
miniFE_heat21,256,4cpu,GCC_C_strict_v3,48.813831,0.08990000000000009,1.0,1.0
miniFE_heat21,256,4cpu,GFortran_strict_v3,98.235345,0.09738199999999608,2.0124489921719113,0.49690700429667145
