workload,n,elements,input_MiB,rep,order,implementation,wall_ms,stdout
miniAMR_27point,128,2097152,8.0,0,0,Wheelchair,11.797301,checksum_f32_bits=0x490eb1d6
miniAMR_27point,128,2097152,8.0,0,1,GCC_C,11.943631,checksum_f32_bits=0x490eabd8
miniAMR_27point,128,2097152,8.0,1,0,GCC_C,11.83738,checksum_f32_bits=0x490eabd8
miniAMR_27point,128,2097152,8.0,1,1,Wheelchair,12.475133,checksum_f32_bits=0x490eb1d6
miniAMR_27point,128,2097152,8.0,2,0,Wheelchair,11.949711,checksum_f32_bits=0x490eb1d6
miniAMR_27point,128,2097152,8.0,2,1,GCC_C,11.730299,checksum_f32_bits=0x490eabd8
miniAMR_27point,128,2097152,8.0,3,0,GCC_C,11.584679,checksum_f32_bits=0x490eabd8
miniAMR_27point,128,2097152,8.0,3,1,Wheelchair,12.395072,checksum_f32_bits=0x490eb1d6
miniAMR_27point,128,2097152,8.0,4,0,Wheelchair,11.909219,checksum_f32_bits=0x490eb1d6
miniAMR_27point,128,2097152,8.0,4,1,GCC_C,12.038755,checksum_f32_bits=0x490eabd8
miniAMR_27point,128,2097152,8.0,5,0,GCC_C,12.104725,checksum_f32_bits=0x490eabd8
miniAMR_27point,128,2097152,8.0,5,1,Wheelchair,11.965945,checksum_f32_bits=0x490eb1d6
miniAMR_27point,128,2097152,8.0,6,0,Wheelchair,14.314459,checksum_f32_bits=0x490eb1d6
miniAMR_27point,128,2097152,8.0,6,1,GCC_C,13.500801,checksum_f32_bits=0x490eabd8
miniAMR_27point,160,4096000,15.625,0,0,Wheelchair,98.635906,checksum_f32_bits=0x497c6b64
miniAMR_27point,160,4096000,15.625,0,1,GCC_C,22.255791,checksum_f32_bits=0x497c4ed6
miniAMR_27point,160,4096000,15.625,1,0,GCC_C,22.100366,checksum_f32_bits=0x497c4ed6
miniAMR_27point,160,4096000,15.625,1,1,Wheelchair,99.224744,checksum_f32_bits=0x497c6b64
miniAMR_27point,160,4096000,15.625,2,0,Wheelchair,98.26742,checksum_f32_bits=0x497c6b64
miniAMR_27point,160,4096000,15.625,2,1,GCC_C,22.492227,checksum_f32_bits=0x497c4ed6
miniAMR_27point,160,4096000,15.625,3,0,GCC_C,22.216081,checksum_f32_bits=0x497c4ed6
miniAMR_27point,160,4096000,15.625,3,1,Wheelchair,99.239938,checksum_f32_bits=0x497c6b64
miniAMR_27point,160,4096000,15.625,4,0,Wheelchair,99.554922,checksum_f32_bits=0x497c6b64
miniAMR_27point,160,4096000,15.625,4,1,GCC_C,22.569213,checksum_f32_bits=0x497c4ed6
miniAMR_27point,160,4096000,15.625,5,0,GCC_C,22.124001,checksum_f32_bits=0x497c4ed6
miniAMR_27point,160,4096000,15.625,5,1,Wheelchair,97.217636,checksum_f32_bits=0x497c6b64
miniAMR_27point,160,4096000,15.625,6,0,Wheelchair,101.981804,checksum_f32_bits=0x497c6b64
miniAMR_27point,160,4096000,15.625,6,1,GCC_C,22.589804,checksum_f32_bits=0x497c4ed6
miniAMR_27point,176,5451776,20.796875,0,0,Wheelchair,121.247353,checksum_f32_bits=0x49a863c1
miniAMR_27point,176,5451776,20.796875,0,1,GCC_C,29.638279,checksum_f32_bits=0x49a8a3b0
miniAMR_27point,176,5451776,20.796875,1,0,GCC_C,29.513651,checksum_f32_bits=0x49a8a3b0
miniAMR_27point,176,5451776,20.796875,1,1,Wheelchair,120.372032,checksum_f32_bits=0x49a863c1
miniAMR_27point,176,5451776,20.796875,2,0,Wheelchair,120.147293,checksum_f32_bits=0x49a863c1
miniAMR_27point,176,5451776,20.796875,2,1,GCC_C,30.035599,checksum_f32_bits=0x49a8a3b0
miniAMR_27point,176,5451776,20.796875,3,0,GCC_C,29.812742,checksum_f32_bits=0x49a8a3b0
miniAMR_27point,176,5451776,20.796875,3,1,Wheelchair,121.18608,checksum_f32_bits=0x49a863c1
miniAMR_27point,176,5451776,20.796875,4,0,Wheelchair,119.407226,checksum_f32_bits=0x49a863c1
miniAMR_27point,176,5451776,20.796875,4,1,GCC_C,29.945824,checksum_f32_bits=0x49a8a3b0
miniAMR_27point,176,5451776,20.796875,5,0,GCC_C,30.249221,checksum_f32_bits=0x49a8a3b0
miniAMR_27point,176,5451776,20.796875,5,1,Wheelchair,120.335948,checksum_f32_bits=0x49a863c1
miniAMR_27point,176,5451776,20.796875,6,0,Wheelchair,119.484383,checksum_f32_bits=0x49a863c1
miniAMR_27point,176,5451776,20.796875,6,1,GCC_C,29.720794,checksum_f32_bits=0x49a8a3b0
miniAMR_27point,184,6229504,23.763671875,0,0,Wheelchair,132.885763,checksum_f32_bits=0x49bfb618
miniAMR_27point,184,6229504,23.763671875,0,1,GCC_C,33.938007,checksum_f32_bits=0x49c07d40
miniAMR_27point,184,6229504,23.763671875,1,0,GCC_C,33.633998,checksum_f32_bits=0x49c07d40
miniAMR_27point,184,6229504,23.763671875,1,1,Wheelchair,129.391111,checksum_f32_bits=0x49bfb618
miniAMR_27point,184,6229504,23.763671875,2,0,Wheelchair,129.750163,checksum_f32_bits=0x49bfb618
miniAMR_27point,184,6229504,23.763671875,2,1,GCC_C,33.793249,checksum_f32_bits=0x49c07d40
miniAMR_27point,184,6229504,23.763671875,3,0,GCC_C,33.069005,checksum_f32_bits=0x49c07d40
miniAMR_27point,184,6229504,23.763671875,3,1,Wheelchair,130.127742,checksum_f32_bits=0x49bfb618
miniAMR_27point,184,6229504,23.763671875,4,0,Wheelchair,130.156045,checksum_f32_bits=0x49bfb618
miniAMR_27point,184,6229504,23.763671875,4,1,GCC_C,33.662492,checksum_f32_bits=0x49c07d40
miniAMR_27point,184,6229504,23.763671875,5,0,GCC_C,33.167003,checksum_f32_bits=0x49c07d40
miniAMR_27point,184,6229504,23.763671875,5,1,Wheelchair,130.095954,checksum_f32_bits=0x49bfb618
miniAMR_27point,184,6229504,23.763671875,6,0,Wheelchair,140.862899,checksum_f32_bits=0x49bfb618
miniAMR_27point,184,6229504,23.763671875,6,1,GCC_C,34.39773,checksum_f32_bits=0x49c07d40
miniAMR_27point,192,7077888,27.0,0,0,Wheelchair,143.05007,checksum_f32_bits=0x49e16236
miniAMR_27point,192,7077888,27.0,0,1,GCC_C,40.083129,checksum_f32_bits=0x49e134a3
miniAMR_27point,192,7077888,27.0,1,0,GCC_C,38.662826,checksum_f32_bits=0x49e134a3
miniAMR_27point,192,7077888,27.0,1,1,Wheelchair,144.821833,checksum_f32_bits=0x49e16236
miniAMR_27point,192,7077888,27.0,2,0,Wheelchair,149.007008,checksum_f32_bits=0x49e16236
miniAMR_27point,192,7077888,27.0,2,1,GCC_C,38.089581,checksum_f32_bits=0x49e134a3
miniAMR_27point,192,7077888,27.0,3,0,GCC_C,38.322222,checksum_f32_bits=0x49e134a3
miniAMR_27point,192,7077888,27.0,3,1,Wheelchair,141.276273,checksum_f32_bits=0x49e16236
miniAMR_27point,192,7077888,27.0,4,0,Wheelchair,146.548077,checksum_f32_bits=0x49e16236
miniAMR_27point,192,7077888,27.0,4,1,GCC_C,38.237946,checksum_f32_bits=0x49e134a3
miniAMR_27point,192,7077888,27.0,5,0,GCC_C,38.948758,checksum_f32_bits=0x49e134a3
miniAMR_27point,192,7077888,27.0,5,1,Wheelchair,143.276511,checksum_f32_bits=0x49e16236
miniAMR_27point,192,7077888,27.0,6,0,Wheelchair,144.022427,checksum_f32_bits=0x49e16236
miniAMR_27point,192,7077888,27.0,6,1,GCC_C,39.010451,checksum_f32_bits=0x49e134a3
miniAMR_27point,200,8000000,30.517578125,0,0,Wheelchair,157.413562,checksum_f32_bits=0x49f5433e
miniAMR_27point,200,8000000,30.517578125,0,1,GCC_C,48.212906,checksum_f32_bits=0x49f5fb26
miniAMR_27point,200,8000000,30.517578125,1,0,GCC_C,43.408817,checksum_f32_bits=0x49f5fb26
miniAMR_27point,200,8000000,30.517578125,1,1,Wheelchair,155.531773,checksum_f32_bits=0x49f5433e
miniAMR_27point,200,8000000,30.517578125,2,0,Wheelchair,159.356654,checksum_f32_bits=0x49f5433e
miniAMR_27point,200,8000000,30.517578125,2,1,GCC_C,43.195225,checksum_f32_bits=0x49f5fb26
miniAMR_27point,200,8000000,30.517578125,3,0,GCC_C,43.174013,checksum_f32_bits=0x49f5fb26
miniAMR_27point,200,8000000,30.517578125,3,1,Wheelchair,158.170845,checksum_f32_bits=0x49f5433e
miniAMR_27point,200,8000000,30.517578125,4,0,Wheelchair,157.450879,checksum_f32_bits=0x49f5433e
miniAMR_27point,200,8000000,30.517578125,4,1,GCC_C,42.879688,checksum_f32_bits=0x49f5fb26
miniAMR_27point,200,8000000,30.517578125,5,0,GCC_C,43.336037,checksum_f32_bits=0x49f5fb26
miniAMR_27point,200,8000000,30.517578125,5,1,Wheelchair,155.460886,checksum_f32_bits=0x49f5433e
miniAMR_27point,200,8000000,30.517578125,6,0,Wheelchair,155.323909,checksum_f32_bits=0x49f5433e
miniAMR_27point,200,8000000,30.517578125,6,1,GCC_C,43.463629,checksum_f32_bits=0x49f5fb26
miniAMR_27point,208,8998912,34.328125,0,0,Wheelchair,168.087708,checksum_f32_bits=0x4a0ff0a2
miniAMR_27point,208,8998912,34.328125,0,1,GCC_C,47.856651,checksum_f32_bits=0x4a105e3c
miniAMR_27point,208,8998912,34.328125,1,0,GCC_C,48.330566,checksum_f32_bits=0x4a105e3c
miniAMR_27point,208,8998912,34.328125,1,1,Wheelchair,169.419297,checksum_f32_bits=0x4a0ff0a2
miniAMR_27point,208,8998912,34.328125,2,0,Wheelchair,168.153964,checksum_f32_bits=0x4a0ff0a2
miniAMR_27point,208,8998912,34.328125,2,1,GCC_C,48.74994,checksum_f32_bits=0x4a105e3c
miniAMR_27point,208,8998912,34.328125,3,0,GCC_C,47.450354,checksum_f32_bits=0x4a105e3c
miniAMR_27point,208,8998912,34.328125,3,1,Wheelchair,169.225074,checksum_f32_bits=0x4a0ff0a2
miniAMR_27point,208,8998912,34.328125,4,0,Wheelchair,167.704469,checksum_f32_bits=0x4a0ff0a2
miniAMR_27point,208,8998912,34.328125,4,1,GCC_C,51.18061,checksum_f32_bits=0x4a105e3c
miniAMR_27point,208,8998912,34.328125,5,0,GCC_C,51.701421,checksum_f32_bits=0x4a105e3c
miniAMR_27point,208,8998912,34.328125,5,1,Wheelchair,168.323784,checksum_f32_bits=0x4a0ff0a2
miniAMR_27point,208,8998912,34.328125,6,0,Wheelchair,168.384485,checksum_f32_bits=0x4a0ff0a2
miniAMR_27point,208,8998912,34.328125,6,1,GCC_C,49.386746,checksum_f32_bits=0x4a105e3c
miniAMR_27point,224,11239424,42.875,0,0,Wheelchair,201.330986,checksum_f32_bits=0x4a328b7a
miniAMR_27point,224,11239424,42.875,0,1,GCC_C,63.272285,checksum_f32_bits=0x4a338946
miniAMR_27point,224,11239424,42.875,1,0,GCC_C,59.791799,checksum_f32_bits=0x4a338946
miniAMR_27point,224,11239424,42.875,1,1,Wheelchair,198.430089,checksum_f32_bits=0x4a328b7a
miniAMR_27point,224,11239424,42.875,2,0,Wheelchair,198.43033,checksum_f32_bits=0x4a328b7a
miniAMR_27point,224,11239424,42.875,2,1,GCC_C,59.381603,checksum_f32_bits=0x4a338946
miniAMR_27point,224,11239424,42.875,3,0,GCC_C,59.197027,checksum_f32_bits=0x4a338946
miniAMR_27point,224,11239424,42.875,3,1,Wheelchair,198.788668,checksum_f32_bits=0x4a328b7a
miniAMR_27point,224,11239424,42.875,4,0,Wheelchair,198.897571,checksum_f32_bits=0x4a328b7a
miniAMR_27point,224,11239424,42.875,4,1,GCC_C,58.979249,checksum_f32_bits=0x4a338946
miniAMR_27point,224,11239424,42.875,5,0,GCC_C,58.122173,checksum_f32_bits=0x4a338946
miniAMR_27point,224,11239424,42.875,5,1,Wheelchair,196.387132,checksum_f32_bits=0x4a328b7a
miniAMR_27point,224,11239424,42.875,6,0,Wheelchair,196.453201,checksum_f32_bits=0x4a328b7a
miniAMR_27point,224,11239424,42.875,6,1,GCC_C,58.148141,checksum_f32_bits=0x4a338946
miniAMR_27point,240,13824000,52.734375,0,0,Wheelchair,238.885405,checksum_f32_bits=0x4a5475bc
miniAMR_27point,240,13824000,52.734375,0,1,GCC_C,73.083377,checksum_f32_bits=0x4a546fda
miniAMR_27point,240,13824000,52.734375,1,0,GCC_C,71.968844,checksum_f32_bits=0x4a546fda
miniAMR_27point,240,13824000,52.734375,1,1,Wheelchair,229.495265,checksum_f32_bits=0x4a5475bc
miniAMR_27point,240,13824000,52.734375,2,0,Wheelchair,228.253179,checksum_f32_bits=0x4a5475bc
miniAMR_27point,240,13824000,52.734375,2,1,GCC_C,71.910085,checksum_f32_bits=0x4a546fda
miniAMR_27point,240,13824000,52.734375,3,0,GCC_C,73.83776,checksum_f32_bits=0x4a546fda
miniAMR_27point,240,13824000,52.734375,3,1,Wheelchair,230.780765,checksum_f32_bits=0x4a5475bc
miniAMR_27point,240,13824000,52.734375,4,0,Wheelchair,233.149703,checksum_f32_bits=0x4a5475bc
miniAMR_27point,240,13824000,52.734375,4,1,GCC_C,74.575408,checksum_f32_bits=0x4a546fda
miniAMR_27point,240,13824000,52.734375,5,0,GCC_C,72.681364,checksum_f32_bits=0x4a546fda
miniAMR_27point,240,13824000,52.734375,5,1,Wheelchair,229.605781,checksum_f32_bits=0x4a5475bc
miniAMR_27point,240,13824000,52.734375,6,0,Wheelchair,228.786711,checksum_f32_bits=0x4a5475bc
miniAMR_27point,240,13824000,52.734375,6,1,GCC_C,72.161202,checksum_f32_bits=0x4a546fda
miniAMR_27point,248,15252992,58.185546875,0,0,Wheelchair,242.926823,checksum_f32_bits=0x4a6a6b86
miniAMR_27point,248,15252992,58.185546875,0,1,GCC_C,79.074454,checksum_f32_bits=0x4a6a7c98
miniAMR_27point,248,15252992,58.185546875,1,0,GCC_C,86.026802,checksum_f32_bits=0x4a6a7c98
miniAMR_27point,248,15252992,58.185546875,1,1,Wheelchair,276.500445,checksum_f32_bits=0x4a6a6b86
miniAMR_27point,248,15252992,58.185546875,2,0,Wheelchair,252.744655,checksum_f32_bits=0x4a6a6b86
miniAMR_27point,248,15252992,58.185546875,2,1,GCC_C,79.244218,checksum_f32_bits=0x4a6a7c98
miniAMR_27point,248,15252992,58.185546875,3,0,GCC_C,79.196427,checksum_f32_bits=0x4a6a7c98
miniAMR_27point,248,15252992,58.185546875,3,1,Wheelchair,247.966791,checksum_f32_bits=0x4a6a6b86
miniAMR_27point,248,15252992,58.185546875,4,0,Wheelchair,246.113898,checksum_f32_bits=0x4a6a6b86
miniAMR_27point,248,15252992,58.185546875,4,1,GCC_C,80.145458,checksum_f32_bits=0x4a6a7c98
miniAMR_27point,248,15252992,58.185546875,5,0,GCC_C,80.17671,checksum_f32_bits=0x4a6a7c98
miniAMR_27point,248,15252992,58.185546875,5,1,Wheelchair,254.470665,checksum_f32_bits=0x4a6a6b86
miniAMR_27point,248,15252992,58.185546875,6,0,Wheelchair,245.242295,checksum_f32_bits=0x4a6a6b86
miniAMR_27point,248,15252992,58.185546875,6,1,GCC_C,265.705321,checksum_f32_bits=0x4a6a7c98
miniAMR_27point,256,16777216,64.0,0,0,Wheelchair,58.68717,checksum_f32_bits=0x4a842f1c
miniAMR_27point,256,16777216,64.0,0,1,GCC_C,86.312411,checksum_f32_bits=0x4a86fcfe
miniAMR_27point,256,16777216,64.0,1,0,GCC_C,85.835504,checksum_f32_bits=0x4a86fcfe
miniAMR_27point,256,16777216,64.0,1,1,Wheelchair,56.231918,checksum_f32_bits=0x4a842f1c
miniAMR_27point,256,16777216,64.0,2,0,Wheelchair,54.446149,checksum_f32_bits=0x4a842f1c
miniAMR_27point,256,16777216,64.0,2,1,GCC_C,91.833762,checksum_f32_bits=0x4a86fcfe
miniAMR_27point,256,16777216,64.0,3,0,GCC_C,85.072322,checksum_f32_bits=0x4a86fcfe
miniAMR_27point,256,16777216,64.0,3,1,Wheelchair,54.256657,checksum_f32_bits=0x4a842f1c
miniAMR_27point,256,16777216,64.0,4,0,Wheelchair,72.899574,checksum_f32_bits=0x4a842f1c
miniAMR_27point,256,16777216,64.0,4,1,GCC_C,83.429615,checksum_f32_bits=0x4a86fcfe
miniAMR_27point,256,16777216,64.0,5,0,GCC_C,94.47433,checksum_f32_bits=0x4a86fcfe
miniAMR_27point,256,16777216,64.0,5,1,Wheelchair,63.993652,checksum_f32_bits=0x4a842f1c
miniAMR_27point,256,16777216,64.0,6,0,Wheelchair,56.667244,checksum_f32_bits=0x4a842f1c
miniAMR_27point,256,16777216,64.0,6,1,GCC_C,86.179814,checksum_f32_bits=0x4a86fcfe
miniFE_heat21,128,2097152,8.0,0,0,Wheelchair,9.173989,checksum_f32_bits=0x492336d7
miniFE_heat21,128,2097152,8.0,0,1,GCC_C,8.71545,checksum_f32_bits=0x49233457
miniFE_heat21,128,2097152,8.0,1,0,GCC_C,8.643242,checksum_f32_bits=0x49233457
miniFE_heat21,128,2097152,8.0,1,1,Wheelchair,9.246948,checksum_f32_bits=0x492336d7
miniFE_heat21,128,2097152,8.0,2,0,Wheelchair,9.197695,checksum_f32_bits=0x492336d7
miniFE_heat21,128,2097152,8.0,2,1,GCC_C,8.632226,checksum_f32_bits=0x49233457
miniFE_heat21,128,2097152,8.0,3,0,GCC_C,8.479149,checksum_f32_bits=0x49233457
miniFE_heat21,128,2097152,8.0,3,1,Wheelchair,9.148131,checksum_f32_bits=0x492336d7
miniFE_heat21,128,2097152,8.0,4,0,Wheelchair,9.09994,checksum_f32_bits=0x492336d7
miniFE_heat21,128,2097152,8.0,4,1,GCC_C,8.414272,checksum_f32_bits=0x49233457
miniFE_heat21,128,2097152,8.0,5,0,GCC_C,8.384118,checksum_f32_bits=0x49233457
miniFE_heat21,128,2097152,8.0,5,1,Wheelchair,9.271764,checksum_f32_bits=0x492336d7
miniFE_heat21,128,2097152,8.0,6,0,Wheelchair,8.907364,checksum_f32_bits=0x492336d7
miniFE_heat21,128,2097152,8.0,6,1,GCC_C,8.389515,checksum_f32_bits=0x49233457
miniFE_heat21,160,4096000,15.625,0,0,Wheelchair,75.940465,checksum_f32_bits=0x4a5b687c
miniFE_heat21,160,4096000,15.625,0,1,GCC_C,16.147595,checksum_f32_bits=0x4a57247e
miniFE_heat21,160,4096000,15.625,1,0,GCC_C,15.763565,checksum_f32_bits=0x4a57247e
miniFE_heat21,160,4096000,15.625,1,1,Wheelchair,78.642744,checksum_f32_bits=0x4a5b687c
miniFE_heat21,160,4096000,15.625,2,0,Wheelchair,77.955895,checksum_f32_bits=0x4a5b687c
miniFE_heat21,160,4096000,15.625,2,1,GCC_C,16.423023,checksum_f32_bits=0x4a57247e
miniFE_heat21,160,4096000,15.625,3,0,GCC_C,16.046244,checksum_f32_bits=0x4a57247e
miniFE_heat21,160,4096000,15.625,3,1,Wheelchair,76.338515,checksum_f32_bits=0x4a5b687c
miniFE_heat21,160,4096000,15.625,4,0,Wheelchair,77.580658,checksum_f32_bits=0x4a5b687c
miniFE_heat21,160,4096000,15.625,4,1,GCC_C,16.167784,checksum_f32_bits=0x4a57247e
miniFE_heat21,160,4096000,15.625,5,0,GCC_C,15.849262,checksum_f32_bits=0x4a57247e
miniFE_heat21,160,4096000,15.625,5,1,Wheelchair,78.531509,checksum_f32_bits=0x4a5b687c
miniFE_heat21,160,4096000,15.625,6,0,Wheelchair,78.684455,checksum_f32_bits=0x4a5b687c
miniFE_heat21,160,4096000,15.625,6,1,GCC_C,17.27687,checksum_f32_bits=0x4a57247e
miniFE_heat21,176,5451776,20.796875,0,0,Wheelchair,96.663798,checksum_f32_bits=0x4a93b556
miniFE_heat21,176,5451776,20.796875,0,1,GCC_C,21.775724,checksum_f32_bits=0x4a9651a0
miniFE_heat21,176,5451776,20.796875,1,0,GCC_C,21.382731,checksum_f32_bits=0x4a9651a0
miniFE_heat21,176,5451776,20.796875,1,1,Wheelchair,94.509812,checksum_f32_bits=0x4a93b556
miniFE_heat21,176,5451776,20.796875,2,0,Wheelchair,96.640573,checksum_f32_bits=0x4a93b556
miniFE_heat21,176,5451776,20.796875,2,1,GCC_C,21.683627,checksum_f32_bits=0x4a9651a0
miniFE_heat21,176,5451776,20.796875,3,0,GCC_C,21.29422,checksum_f32_bits=0x4a9651a0
miniFE_heat21,176,5451776,20.796875,3,1,Wheelchair,97.556221,checksum_f32_bits=0x4a93b556
miniFE_heat21,176,5451776,20.796875,4,0,Wheelchair,96.241331,checksum_f32_bits=0x4a93b556
miniFE_heat21,176,5451776,20.796875,4,1,GCC_C,21.910974,checksum_f32_bits=0x4a9651a0
miniFE_heat21,176,5451776,20.796875,5,0,GCC_C,21.479524,checksum_f32_bits=0x4a9651a0
miniFE_heat21,176,5451776,20.796875,5,1,Wheelchair,95.778785,checksum_f32_bits=0x4a93b556
miniFE_heat21,176,5451776,20.796875,6,0,Wheelchair,96.906758,checksum_f32_bits=0x4a93b556
miniFE_heat21,176,5451776,20.796875,6,1,GCC_C,23.045347,checksum_f32_bits=0x4a9651a0
miniFE_heat21,184,6229504,23.763671875,0,0,Wheelchair,107.460063,checksum_f32_bits=0x4a935fb4
miniFE_heat21,184,6229504,23.763671875,0,1,GCC_C,25.501241,checksum_f32_bits=0x4a92c9d8
miniFE_heat21,184,6229504,23.763671875,1,0,GCC_C,25.246162,checksum_f32_bits=0x4a92c9d8
miniFE_heat21,184,6229504,23.763671875,1,1,Wheelchair,106.982715,checksum_f32_bits=0x4a935fb4
miniFE_heat21,184,6229504,23.763671875,2,0,Wheelchair,107.446723,checksum_f32_bits=0x4a935fb4
miniFE_heat21,184,6229504,23.763671875,2,1,GCC_C,25.780074,checksum_f32_bits=0x4a92c9d8
miniFE_heat21,184,6229504,23.763671875,3,0,GCC_C,25.039375,checksum_f32_bits=0x4a92c9d8
miniFE_heat21,184,6229504,23.763671875,3,1,Wheelchair,103.966601,checksum_f32_bits=0x4a935fb4
miniFE_heat21,184,6229504,23.763671875,4,0,Wheelchair,103.729809,checksum_f32_bits=0x4a935fb4
miniFE_heat21,184,6229504,23.763671875,4,1,GCC_C,25.034618,checksum_f32_bits=0x4a92c9d8
miniFE_heat21,184,6229504,23.763671875,5,0,GCC_C,24.588055,checksum_f32_bits=0x4a92c9d8
miniFE_heat21,184,6229504,23.763671875,5,1,Wheelchair,103.512326,checksum_f32_bits=0x4a935fb4
miniFE_heat21,184,6229504,23.763671875,6,0,Wheelchair,103.606366,checksum_f32_bits=0x4a935fb4
miniFE_heat21,184,6229504,23.763671875,6,1,GCC_C,25.492157,checksum_f32_bits=0x4a92c9d8
miniFE_heat21,192,7077888,27.0,0,0,Wheelchair,114.037181,checksum_f32_bits=0x4a683e50
miniFE_heat21,192,7077888,27.0,0,1,GCC_C,28.216388,checksum_f32_bits=0x4a67f9ab
miniFE_heat21,192,7077888,27.0,1,0,GCC_C,28.591455,checksum_f32_bits=0x4a67f9ab
miniFE_heat21,192,7077888,27.0,1,1,Wheelchair,115.724854,checksum_f32_bits=0x4a683e50
miniFE_heat21,192,7077888,27.0,2,0,Wheelchair,114.52285,checksum_f32_bits=0x4a683e50
miniFE_heat21,192,7077888,27.0,2,1,GCC_C,27.938005,checksum_f32_bits=0x4a67f9ab
miniFE_heat21,192,7077888,27.0,3,0,GCC_C,27.674173,checksum_f32_bits=0x4a67f9ab
miniFE_heat21,192,7077888,27.0,3,1,Wheelchair,113.897663,checksum_f32_bits=0x4a683e50
miniFE_heat21,192,7077888,27.0,4,0,Wheelchair,122.471281,checksum_f32_bits=0x4a683e50
miniFE_heat21,192,7077888,27.0,4,1,GCC_C,31.246002,checksum_f32_bits=0x4a67f9ab
miniFE_heat21,192,7077888,27.0,5,0,GCC_C,28.640988,checksum_f32_bits=0x4a67f9ab
miniFE_heat21,192,7077888,27.0,5,1,Wheelchair,112.932411,checksum_f32_bits=0x4a683e50
miniFE_heat21,192,7077888,27.0,6,0,Wheelchair,114.668076,checksum_f32_bits=0x4a683e50
miniFE_heat21,192,7077888,27.0,6,1,GCC_C,27.717568,checksum_f32_bits=0x4a67f9ab
miniFE_heat21,200,8000000,30.517578125,0,0,Wheelchair,124.792436,checksum_f32_bits=0x4ab5dc3e
miniFE_heat21,200,8000000,30.517578125,0,1,GCC_C,31.920893,checksum_f32_bits=0x4ab624de
miniFE_heat21,200,8000000,30.517578125,1,0,GCC_C,31.945029,checksum_f32_bits=0x4ab624de
miniFE_heat21,200,8000000,30.517578125,1,1,Wheelchair,125.358325,checksum_f32_bits=0x4ab5dc3e
miniFE_heat21,200,8000000,30.517578125,2,0,Wheelchair,124.931091,checksum_f32_bits=0x4ab5dc3e
miniFE_heat21,200,8000000,30.517578125,2,1,GCC_C,32.002164,checksum_f32_bits=0x4ab624de
miniFE_heat21,200,8000000,30.517578125,3,0,GCC_C,31.936797,checksum_f32_bits=0x4ab624de
miniFE_heat21,200,8000000,30.517578125,3,1,Wheelchair,125.477892,checksum_f32_bits=0x4ab5dc3e
miniFE_heat21,200,8000000,30.517578125,4,0,Wheelchair,123.714737,checksum_f32_bits=0x4ab5dc3e
miniFE_heat21,200,8000000,30.517578125,4,1,GCC_C,32.804845,checksum_f32_bits=0x4ab624de
miniFE_heat21,200,8000000,30.517578125,5,0,GCC_C,32.502617,checksum_f32_bits=0x4ab624de
miniFE_heat21,200,8000000,30.517578125,5,1,Wheelchair,127.654701,checksum_f32_bits=0x4ab5dc3e
miniFE_heat21,200,8000000,30.517578125,6,0,Wheelchair,127.523066,checksum_f32_bits=0x4ab5dc3e
miniFE_heat21,200,8000000,30.517578125,6,1,GCC_C,32.510298,checksum_f32_bits=0x4ab624de
miniFE_heat21,208,8998912,34.328125,0,0,Wheelchair,140.578944,checksum_f32_bits=0x4a6b6c5c
miniFE_heat21,208,8998912,34.328125,0,1,GCC_C,36.803777,checksum_f32_bits=0x4a670653
miniFE_heat21,208,8998912,34.328125,1,0,GCC_C,36.756419,checksum_f32_bits=0x4a670653
miniFE_heat21,208,8998912,34.328125,1,1,Wheelchair,137.775756,checksum_f32_bits=0x4a6b6c5c
miniFE_heat21,208,8998912,34.328125,2,0,Wheelchair,136.17896,checksum_f32_bits=0x4a6b6c5c
miniFE_heat21,208,8998912,34.328125,2,1,GCC_C,35.730856,checksum_f32_bits=0x4a670653
miniFE_heat21,208,8998912,34.328125,3,0,GCC_C,35.073542,checksum_f32_bits=0x4a670653
miniFE_heat21,208,8998912,34.328125,3,1,Wheelchair,136.433977,checksum_f32_bits=0x4a6b6c5c
miniFE_heat21,208,8998912,34.328125,4,0,Wheelchair,132.829685,checksum_f32_bits=0x4a6b6c5c
miniFE_heat21,208,8998912,34.328125,4,1,GCC_C,36.174333,checksum_f32_bits=0x4a670653
miniFE_heat21,208,8998912,34.328125,5,0,GCC_C,35.771006,checksum_f32_bits=0x4a670653
miniFE_heat21,208,8998912,34.328125,5,1,Wheelchair,138.355025,checksum_f32_bits=0x4a6b6c5c
miniFE_heat21,208,8998912,34.328125,6,0,Wheelchair,140.728803,checksum_f32_bits=0x4a6b6c5c
miniFE_heat21,208,8998912,34.328125,6,1,GCC_C,36.337575,checksum_f32_bits=0x4a670653
miniFE_heat21,224,11239424,42.875,0,0,Wheelchair,163.536245,checksum_f32_bits=0x4aafb676
miniFE_heat21,224,11239424,42.875,0,1,GCC_C,44.498701,checksum_f32_bits=0x4aaf7f36
miniFE_heat21,224,11239424,42.875,1,0,GCC_C,45.603879,checksum_f32_bits=0x4aaf7f36
miniFE_heat21,224,11239424,42.875,1,1,Wheelchair,162.201598,checksum_f32_bits=0x4aafb676
miniFE_heat21,224,11239424,42.875,2,0,Wheelchair,157.066397,checksum_f32_bits=0x4aafb676
miniFE_heat21,224,11239424,42.875,2,1,GCC_C,43.309739,checksum_f32_bits=0x4aaf7f36
miniFE_heat21,224,11239424,42.875,3,0,GCC_C,44.230544,checksum_f32_bits=0x4aaf7f36
miniFE_heat21,224,11239424,42.875,3,1,Wheelchair,157.599136,checksum_f32_bits=0x4aafb676
miniFE_heat21,224,11239424,42.875,4,0,Wheelchair,156.21831,checksum_f32_bits=0x4aafb676
miniFE_heat21,224,11239424,42.875,4,1,GCC_C,44.270002,checksum_f32_bits=0x4aaf7f36
miniFE_heat21,224,11239424,42.875,5,0,GCC_C,44.554614,checksum_f32_bits=0x4aaf7f36
miniFE_heat21,224,11239424,42.875,5,1,Wheelchair,156.140755,checksum_f32_bits=0x4aafb676
miniFE_heat21,224,11239424,42.875,6,0,Wheelchair,163.255209,checksum_f32_bits=0x4aafb676
miniFE_heat21,224,11239424,42.875,6,1,GCC_C,43.819675,checksum_f32_bits=0x4aaf7f36
miniFE_heat21,240,13824000,52.734375,0,0,Wheelchair,184.715015,checksum_f32_bits=0x4b186cd6
miniFE_heat21,240,13824000,52.734375,0,1,GCC_C,55.761924,checksum_f32_bits=0x4b16b6bc
miniFE_heat21,240,13824000,52.734375,1,0,GCC_C,54.858395,checksum_f32_bits=0x4b16b6bc
miniFE_heat21,240,13824000,52.734375,1,1,Wheelchair,185.218872,checksum_f32_bits=0x4b186cd6
miniFE_heat21,240,13824000,52.734375,2,0,Wheelchair,183.735132,checksum_f32_bits=0x4b186cd6
miniFE_heat21,240,13824000,52.734375,2,1,GCC_C,53.86942,checksum_f32_bits=0x4b16b6bc
miniFE_heat21,240,13824000,52.734375,3,0,GCC_C,54.162603,checksum_f32_bits=0x4b16b6bc
miniFE_heat21,240,13824000,52.734375,3,1,Wheelchair,180.405387,checksum_f32_bits=0x4b186cd6
miniFE_heat21,240,13824000,52.734375,4,0,Wheelchair,182.214598,checksum_f32_bits=0x4b186cd6
miniFE_heat21,240,13824000,52.734375,4,1,GCC_C,54.386225,checksum_f32_bits=0x4b16b6bc
miniFE_heat21,240,13824000,52.734375,5,0,GCC_C,55.539034,checksum_f32_bits=0x4b16b6bc
miniFE_heat21,240,13824000,52.734375,5,1,Wheelchair,183.428528,checksum_f32_bits=0x4b186cd6
miniFE_heat21,240,13824000,52.734375,6,0,Wheelchair,189.053435,checksum_f32_bits=0x4b186cd6
miniFE_heat21,240,13824000,52.734375,6,1,GCC_C,51.518365,checksum_f32_bits=0x4b16b6bc
miniFE_heat21,248,15252992,58.185546875,0,0,Wheelchair,191.334655,checksum_f32_bits=0x4b48171a
miniFE_heat21,248,15252992,58.185546875,0,1,GCC_C,62.667409,checksum_f32_bits=0x4b4b9ee0
miniFE_heat21,248,15252992,58.185546875,1,0,GCC_C,64.313899,checksum_f32_bits=0x4b4b9ee0
miniFE_heat21,248,15252992,58.185546875,1,1,Wheelchair,203.288422,checksum_f32_bits=0x4b48171a
miniFE_heat21,248,15252992,58.185546875,2,0,Wheelchair,206.008473,checksum_f32_bits=0x4b48171a
miniFE_heat21,248,15252992,58.185546875,2,1,GCC_C,85.286372,checksum_f32_bits=0x4b4b9ee0
miniFE_heat21,248,15252992,58.185546875,3,0,GCC_C,59.211677,checksum_f32_bits=0x4b4b9ee0
miniFE_heat21,248,15252992,58.185546875,3,1,Wheelchair,200.872892,checksum_f32_bits=0x4b48171a
miniFE_heat21,248,15252992,58.185546875,4,0,Wheelchair,204.991206,checksum_f32_bits=0x4b48171a
miniFE_heat21,248,15252992,58.185546875,4,1,GCC_C,59.712669,checksum_f32_bits=0x4b4b9ee0
miniFE_heat21,248,15252992,58.185546875,5,0,GCC_C,59.423791,checksum_f32_bits=0x4b4b9ee0
miniFE_heat21,248,15252992,58.185546875,5,1,Wheelchair,200.158613,checksum_f32_bits=0x4b48171a
miniFE_heat21,248,15252992,58.185546875,6,0,Wheelchair,199.212649,checksum_f32_bits=0x4b48171a
miniFE_heat21,248,15252992,58.185546875,6,1,GCC_C,58.083021,checksum_f32_bits=0x4b4b9ee0
miniFE_heat21,256,16777216,64.0,0,0,Wheelchair,45.111861,checksum_f32_bits=0x4b2190cd
miniFE_heat21,256,16777216,64.0,0,1,GCC_C,62.874398,checksum_f32_bits=0x4b2170c7
miniFE_heat21,256,16777216,64.0,1,0,GCC_C,62.620511,checksum_f32_bits=0x4b2170c7
miniFE_heat21,256,16777216,64.0,1,1,Wheelchair,47.894319,checksum_f32_bits=0x4b2190cd
miniFE_heat21,256,16777216,64.0,2,0,Wheelchair,46.878602,checksum_f32_bits=0x4b2190cd
miniFE_heat21,256,16777216,64.0,2,1,GCC_C,64.69012,checksum_f32_bits=0x4b2170c7
miniFE_heat21,256,16777216,64.0,3,0,GCC_C,65.816952,checksum_f32_bits=0x4b2170c7
miniFE_heat21,256,16777216,64.0,3,1,Wheelchair,52.076712,checksum_f32_bits=0x4b2190cd
miniFE_heat21,256,16777216,64.0,4,0,Wheelchair,48.194083,checksum_f32_bits=0x4b2190cd
miniFE_heat21,256,16777216,64.0,4,1,GCC_C,72.21426,checksum_f32_bits=0x4b2170c7
miniFE_heat21,256,16777216,64.0,5,0,GCC_C,69.803866,checksum_f32_bits=0x4b2170c7
miniFE_heat21,256,16777216,64.0,5,1,Wheelchair,49.752675,checksum_f32_bits=0x4b2190cd
miniFE_heat21,256,16777216,64.0,6,0,Wheelchair,48.530782,checksum_f32_bits=0x4b2190cd
miniFE_heat21,256,16777216,64.0,6,1,GCC_C,67.266171,checksum_f32_bits=0x4b2170c7
