workload,n,input_MiB,implementation,median_ms,mad_ms,speedup_C_over_impl
miniAMR_27point,128,8.0,Wheelchair,11.965945,0.16864400000000046,0.9981352078753496
miniAMR_27point,128,8.0,GCC_C,11.943631,0.1610940000000003,1.0
miniAMR_27point,160,15.625,Wheelchair,99.224744,0.5888379999999955,0.22429678427792163
miniAMR_27point,160,15.625,GCC_C,22.255791,0.15542499999999748,1.0
miniAMR_27point,176,20.796875,Wheelchair,120.335948,0.8501320000000021,0.24774593540410716
miniAMR_27point,176,20.796875,GCC_C,29.812742,0.17446299999999937,1.0
miniAMR_27point,184,23.763671875,Wheelchair,130.127742,0.37757900000002564,0.2586880513149917
miniAMR_27point,184,23.763671875,GCC_C,33.662492,0.2755149999999986,1.0
miniAMR_27point,192,27.0,Wheelchair,144.022427,0.9723569999999881,0.26845003799304124
miniAMR_27point,192,27.0,GCC_C,38.662826,0.34762500000000074,1.0
miniAMR_27point,200,30.517578125,Wheelchair,157.413562,1.8817890000000261,0.2753005296964184
miniAMR_27point,200,30.517578125,GCC_C,43.336037,0.14081199999999683,1.0
miniAMR_27point,208,34.328125,Wheelchair,168.323784,0.23607599999999707,0.2896200337321314
miniAMR_27point,208,34.328125,GCC_C,48.74994,0.8932890000000029,1.0
miniAMR_27point,224,42.875,Wheelchair,198.43033,0.46724100000000135,0.29832650583204695
miniAMR_27point,224,42.875,GCC_C,59.197027,0.594771999999999,1.0
miniAMR_27point,240,52.734375,Wheelchair,229.605781,1.174983999999995,0.3165484931757881
miniAMR_27point,240,52.734375,GCC_C,72.681364,0.7125199999999978,1.0
miniAMR_27point,248,58.185546875,Wheelchair,247.966791,4.777863999999994,0.3232104495799198
miniAMR_27point,248,58.185546875,GCC_C,80.145458,0.9490310000000051,1.0
miniAMR_27point,256,64.0,Wheelchair,56.667244,2.2210949999999983,1.5208047527421662
miniAMR_27point,256,64.0,GCC_C,86.179814,1.1074919999999935,1.0
miniFE_heat21,128,8.0,Wheelchair,9.173989,0.07295899999999911,0.9242597740197857
miniFE_heat21,128,8.0,GCC_C,8.479149,0.09503099999999876,1.0
miniFE_heat21,160,15.625,Wheelchair,77.955895,0.6868489999999952,0.2071375743938287
miniFE_heat21,160,15.625,GCC_C,16.147595,0.27542800000000156,1.0
miniFE_heat21,176,20.796875,Wheelchair,96.640573,0.399242000000001,0.22437394902449515
miniFE_heat21,176,20.796875,GCC_C,21.683627,0.2273469999999982,1.0
miniFE_heat21,184,23.763671875,Wheelchair,103.966601,0.45427499999999554,0.24282954099845971
miniFE_heat21,184,23.763671875,GCC_C,25.246162,0.24599499999999708,1.0
miniFE_heat21,192,27.0,Wheelchair,114.52285,0.625187000000011,0.24638216740152727
miniFE_heat21,192,27.0,GCC_C,28.216388,0.42460000000000164,1.0
miniFE_heat21,200,30.517578125,Wheelchair,125.358325,0.5658889999999985,0.2552855105554418
miniFE_heat21,200,30.517578125,GCC_C,32.002164,0.08127100000000098,1.0
miniFE_heat21,208,34.328125,Wheelchair,137.775756,1.5967960000000119,0.2625594955907917
miniFE_heat21,208,34.328125,GCC_C,36.174333,0.44347699999999435,1.0
miniFE_heat21,224,42.875,Wheelchair,157.599136,1.4583809999999744,0.2809025678922504
miniFE_heat21,224,42.875,GCC_C,44.270002,0.28461200000000275,1.0
miniFE_heat21,240,52.734375,Wheelchair,183.735132,1.4837400000000116,0.29600340668653397
miniFE_heat21,240,52.734375,GCC_C,54.386225,0.5168050000000051,1.0
miniFE_heat21,248,58.185546875,Wheelchair,200.872892,2.4155299999999897,0.29726593969683074
miniFE_heat21,248,58.185546875,GCC_C,59.712669,1.629647999999996,1.0
miniFE_heat21,256,64.0,Wheelchair,48.194083,1.3154809999999983,1.365664577537454
miniFE_heat21,256,64.0,GCC_C,65.816952,2.9425540000000012,1.0
