group,workload,rep,order_index,implementation,cpu,wall_ms,stdout,stderr,checksum_kind,checksum_bits,checksum_value
field_real_miniapp,miniAMR_27point,0,0,Wheelchair_1.3.127_field_native256,0,87.434073,checksum_f32_bits=0x4a842f1c,,f32,0x4a842f1c,4331406.0
field_real_miniapp,miniAMR_27point,0,1,GCC_C_v3,0,155.202734,checksum_f32_bits=0x4a86fcfe,,f32,0x4a86fcfe,4423295.0
field_real_miniapp,miniAMR_27point,0,2,GFortran_v3,0,277.000112,checksum_f32_bits=0x4A86FCFE,,f32,0x4a86fcfe,4423295.0
field_real_miniapp,miniAMR_27point,1,0,GCC_C_v3,0,154.685715,checksum_f32_bits=0x4a86fcfe,,f32,0x4a86fcfe,4423295.0
field_real_miniapp,miniAMR_27point,1,1,GFortran_v3,0,280.610493,checksum_f32_bits=0x4A86FCFE,,f32,0x4a86fcfe,4423295.0
field_real_miniapp,miniAMR_27point,1,2,Wheelchair_1.3.127_field_native256,0,92.459898,checksum_f32_bits=0x4a842f1c,,f32,0x4a842f1c,4331406.0
field_real_miniapp,miniAMR_27point,2,0,GFortran_v3,0,272.617263,checksum_f32_bits=0x4A86FCFE,,f32,0x4a86fcfe,4423295.0
field_real_miniapp,miniAMR_27point,2,1,Wheelchair_1.3.127_field_native256,0,92.877952,checksum_f32_bits=0x4a842f1c,,f32,0x4a842f1c,4331406.0
field_real_miniapp,miniAMR_27point,2,2,GCC_C_v3,0,154.212418,checksum_f32_bits=0x4a86fcfe,,f32,0x4a86fcfe,4423295.0
field_real_miniapp,miniAMR_27point,3,0,Wheelchair_1.3.127_field_native256,0,87.96579,checksum_f32_bits=0x4a842f1c,,f32,0x4a842f1c,4331406.0
field_real_miniapp,miniAMR_27point,3,1,GCC_C_v3,0,156.274285,checksum_f32_bits=0x4a86fcfe,,f32,0x4a86fcfe,4423295.0
field_real_miniapp,miniAMR_27point,3,2,GFortran_v3,0,272.681173,checksum_f32_bits=0x4A86FCFE,,f32,0x4a86fcfe,4423295.0
field_real_miniapp,miniAMR_27point,4,0,GCC_C_v3,0,155.258058,checksum_f32_bits=0x4a86fcfe,,f32,0x4a86fcfe,4423295.0
field_real_miniapp,miniAMR_27point,4,1,GFortran_v3,0,279.626107,checksum_f32_bits=0x4A86FCFE,,f32,0x4a86fcfe,4423295.0
field_real_miniapp,miniAMR_27point,4,2,Wheelchair_1.3.127_field_native256,0,93.354245,checksum_f32_bits=0x4a842f1c,,f32,0x4a842f1c,4331406.0
field_real_miniapp,miniAMR_27point,5,0,GFortran_v3,0,275.671965,checksum_f32_bits=0x4A86FCFE,,f32,0x4a86fcfe,4423295.0
field_real_miniapp,miniAMR_27point,5,1,Wheelchair_1.3.127_field_native256,0,126.158071,checksum_f32_bits=0x4a842f1c,,f32,0x4a842f1c,4331406.0
field_real_miniapp,miniAMR_27point,5,2,GCC_C_v3,0,154.602076,checksum_f32_bits=0x4a86fcfe,,f32,0x4a86fcfe,4423295.0
field_real_miniapp,miniAMR_27point,6,0,Wheelchair_1.3.127_field_native256,0,93.731066,checksum_f32_bits=0x4a842f1c,,f32,0x4a842f1c,4331406.0
field_real_miniapp,miniAMR_27point,6,1,GCC_C_v3,0,154.473991,checksum_f32_bits=0x4a86fcfe,,f32,0x4a86fcfe,4423295.0
field_real_miniapp,miniAMR_27point,6,2,GFortran_v3,0,280.040562,checksum_f32_bits=0x4A86FCFE,,f32,0x4a86fcfe,4423295.0
field_real_miniapp,miniAMR_27point,7,0,GCC_C_v3,0,155.680126,checksum_f32_bits=0x4a86fcfe,,f32,0x4a86fcfe,4423295.0
field_real_miniapp,miniAMR_27point,7,1,GFortran_v3,0,281.754613,checksum_f32_bits=0x4A86FCFE,,f32,0x4a86fcfe,4423295.0
field_real_miniapp,miniAMR_27point,7,2,Wheelchair_1.3.127_field_native256,0,88.257674,checksum_f32_bits=0x4a842f1c,,f32,0x4a842f1c,4331406.0
field_real_miniapp,miniAMR_27point,8,0,GFortran_v3,0,281.902711,checksum_f32_bits=0x4A86FCFE,,f32,0x4a86fcfe,4423295.0
field_real_miniapp,miniAMR_27point,8,1,Wheelchair_1.3.127_field_native256,0,93.525209,checksum_f32_bits=0x4a842f1c,,f32,0x4a842f1c,4331406.0
field_real_miniapp,miniAMR_27point,8,2,GCC_C_v3,0,154.293786,checksum_f32_bits=0x4a86fcfe,,f32,0x4a86fcfe,4423295.0
field_real_miniapp,miniAMR_27point,9,0,Wheelchair_1.3.127_field_native256,0,88.329378,checksum_f32_bits=0x4a842f1c,,f32,0x4a842f1c,4331406.0
field_real_miniapp,miniAMR_27point,9,1,GCC_C_v3,0,158.534847,checksum_f32_bits=0x4a86fcfe,,f32,0x4a86fcfe,4423295.0
field_real_miniapp,miniAMR_27point,9,2,GFortran_v3,0,271.903495,checksum_f32_bits=0x4A86FCFE,,f32,0x4a86fcfe,4423295.0
field_real_miniapp,miniAMR_27point,10,0,GCC_C_v3,0,154.555957,checksum_f32_bits=0x4a86fcfe,,f32,0x4a86fcfe,4423295.0
field_real_miniapp,miniAMR_27point,10,1,GFortran_v3,0,277.605764,checksum_f32_bits=0x4A86FCFE,,f32,0x4a86fcfe,4423295.0
field_real_miniapp,miniAMR_27point,10,2,Wheelchair_1.3.127_field_native256,0,88.608631,checksum_f32_bits=0x4a842f1c,,f32,0x4a842f1c,4331406.0
field_real_miniapp,miniAMR_27point,11,0,GFortran_v3,0,274.743815,checksum_f32_bits=0x4A86FCFE,,f32,0x4a86fcfe,4423295.0
field_real_miniapp,miniAMR_27point,11,1,Wheelchair_1.3.127_field_native256,0,88.058501,checksum_f32_bits=0x4a842f1c,,f32,0x4a842f1c,4331406.0
field_real_miniapp,miniAMR_27point,11,2,GCC_C_v3,0,154.524738,checksum_f32_bits=0x4a86fcfe,,f32,0x4a86fcfe,4423295.0
field_real_miniapp,miniAMR_27point,12,0,Wheelchair_1.3.127_field_native256,0,93.231057,checksum_f32_bits=0x4a842f1c,,f32,0x4a842f1c,4331406.0
field_real_miniapp,miniAMR_27point,12,1,GCC_C_v3,0,154.269771,checksum_f32_bits=0x4a86fcfe,,f32,0x4a86fcfe,4423295.0
field_real_miniapp,miniAMR_27point,12,2,GFortran_v3,0,274.617577,checksum_f32_bits=0x4A86FCFE,,f32,0x4a86fcfe,4423295.0
field_real_miniapp,miniAMR_27point,13,0,GCC_C_v3,0,154.456731,checksum_f32_bits=0x4a86fcfe,,f32,0x4a86fcfe,4423295.0
field_real_miniapp,miniAMR_27point,13,1,GFortran_v3,0,271.632749,checksum_f32_bits=0x4A86FCFE,,f32,0x4a86fcfe,4423295.0
field_real_miniapp,miniAMR_27point,13,2,Wheelchair_1.3.127_field_native256,0,88.474841,checksum_f32_bits=0x4a842f1c,,f32,0x4a842f1c,4331406.0
field_real_miniapp,miniAMR_27point,14,0,GFortran_v3,0,275.207843,checksum_f32_bits=0x4A86FCFE,,f32,0x4a86fcfe,4423295.0
field_real_miniapp,miniAMR_27point,14,1,Wheelchair_1.3.127_field_native256,0,93.381018,checksum_f32_bits=0x4a842f1c,,f32,0x4a842f1c,4331406.0
field_real_miniapp,miniAMR_27point,14,2,GCC_C_v3,0,154.315707,checksum_f32_bits=0x4a86fcfe,,f32,0x4a86fcfe,4423295.0
field_real_miniapp,miniFE_heat21,0,0,Wheelchair_1.3.127_field_native256,0,73.843101,checksum_f32_bits=0x4b2190cd,,f32,0x4b2190cd,10588365.0
field_real_miniapp,miniFE_heat21,0,1,GCC_C_v3,0,94.657489,checksum_f32_bits=0x4b2170c7,,f32,0x4b2170c7,10580167.0
field_real_miniapp,miniFE_heat21,0,2,GFortran_v3,0,194.536926,checksum_f32_bits=0x4B2170C7,,f32,0x4b2170c7,10580167.0
field_real_miniapp,miniFE_heat21,1,0,GCC_C_v3,0,95.03183,checksum_f32_bits=0x4b2170c7,,f32,0x4b2170c7,10580167.0
field_real_miniapp,miniFE_heat21,1,1,GFortran_v3,0,194.502412,checksum_f32_bits=0x4B2170C7,,f32,0x4b2170c7,10580167.0
field_real_miniapp,miniFE_heat21,1,2,Wheelchair_1.3.127_field_native256,0,74.489803,checksum_f32_bits=0x4b2190cd,,f32,0x4b2190cd,10588365.0
field_real_miniapp,miniFE_heat21,2,0,GFortran_v3,0,193.428891,checksum_f32_bits=0x4B2170C7,,f32,0x4b2170c7,10580167.0
field_real_miniapp,miniFE_heat21,2,1,Wheelchair_1.3.127_field_native256,0,74.323371,checksum_f32_bits=0x4b2190cd,,f32,0x4b2190cd,10588365.0
field_real_miniapp,miniFE_heat21,2,2,GCC_C_v3,0,94.130202,checksum_f32_bits=0x4b2170c7,,f32,0x4b2170c7,10580167.0
field_real_miniapp,miniFE_heat21,3,0,Wheelchair_1.3.127_field_native256,0,73.894006,checksum_f32_bits=0x4b2190cd,,f32,0x4b2190cd,10588365.0
field_real_miniapp,miniFE_heat21,3,1,GCC_C_v3,0,94.700179,checksum_f32_bits=0x4b2170c7,,f32,0x4b2170c7,10580167.0
field_real_miniapp,miniFE_heat21,3,2,GFortran_v3,0,193.681494,checksum_f32_bits=0x4B2170C7,,f32,0x4b2170c7,10580167.0
field_real_miniapp,miniFE_heat21,4,0,GCC_C_v3,0,94.559856,checksum_f32_bits=0x4b2170c7,,f32,0x4b2170c7,10580167.0
field_real_miniapp,miniFE_heat21,4,1,GFortran_v3,0,193.831725,checksum_f32_bits=0x4B2170C7,,f32,0x4b2170c7,10580167.0
field_real_miniapp,miniFE_heat21,4,2,Wheelchair_1.3.127_field_native256,0,83.537444,checksum_f32_bits=0x4b2190cd,,f32,0x4b2190cd,10588365.0
field_real_miniapp,miniFE_heat21,5,0,GFortran_v3,0,194.089278,checksum_f32_bits=0x4B2170C7,,f32,0x4b2170c7,10580167.0
field_real_miniapp,miniFE_heat21,5,1,Wheelchair_1.3.127_field_native256,0,74.122685,checksum_f32_bits=0x4b2190cd,,f32,0x4b2190cd,10588365.0
field_real_miniapp,miniFE_heat21,5,2,GCC_C_v3,0,94.00179,checksum_f32_bits=0x4b2170c7,,f32,0x4b2170c7,10580167.0
field_real_miniapp,miniFE_heat21,6,0,Wheelchair_1.3.127_field_native256,0,74.308853,checksum_f32_bits=0x4b2190cd,,f32,0x4b2190cd,10588365.0
field_real_miniapp,miniFE_heat21,6,1,GCC_C_v3,0,95.100689,checksum_f32_bits=0x4b2170c7,,f32,0x4b2170c7,10580167.0
field_real_miniapp,miniFE_heat21,6,2,GFortran_v3,0,194.2289,checksum_f32_bits=0x4B2170C7,,f32,0x4b2170c7,10580167.0
field_real_miniapp,miniFE_heat21,7,0,GCC_C_v3,0,94.164996,checksum_f32_bits=0x4b2170c7,,f32,0x4b2170c7,10580167.0
field_real_miniapp,miniFE_heat21,7,1,GFortran_v3,0,195.427931,checksum_f32_bits=0x4B2170C7,,f32,0x4b2170c7,10580167.0
field_real_miniapp,miniFE_heat21,7,2,Wheelchair_1.3.127_field_native256,0,77.848531,checksum_f32_bits=0x4b2190cd,,f32,0x4b2190cd,10588365.0
field_real_miniapp,miniFE_heat21,8,0,GFortran_v3,0,194.138042,checksum_f32_bits=0x4B2170C7,,f32,0x4b2170c7,10580167.0
field_real_miniapp,miniFE_heat21,8,1,Wheelchair_1.3.127_field_native256,0,74.109344,checksum_f32_bits=0x4b2190cd,,f32,0x4b2190cd,10588365.0
field_real_miniapp,miniFE_heat21,8,2,GCC_C_v3,0,94.639035,checksum_f32_bits=0x4b2170c7,,f32,0x4b2170c7,10580167.0
field_real_miniapp,miniFE_heat21,9,0,Wheelchair_1.3.127_field_native256,0,73.989241,checksum_f32_bits=0x4b2190cd,,f32,0x4b2190cd,10588365.0
field_real_miniapp,miniFE_heat21,9,1,GCC_C_v3,0,94.752274,checksum_f32_bits=0x4b2170c7,,f32,0x4b2170c7,10580167.0
field_real_miniapp,miniFE_heat21,9,2,GFortran_v3,0,194.178151,checksum_f32_bits=0x4B2170C7,,f32,0x4b2170c7,10580167.0
field_real_miniapp,miniFE_heat21,10,0,GCC_C_v3,0,94.749085,checksum_f32_bits=0x4b2170c7,,f32,0x4b2170c7,10580167.0
field_real_miniapp,miniFE_heat21,10,1,GFortran_v3,0,194.149086,checksum_f32_bits=0x4B2170C7,,f32,0x4b2170c7,10580167.0
field_real_miniapp,miniFE_heat21,10,2,Wheelchair_1.3.127_field_native256,0,76.124578,checksum_f32_bits=0x4b2190cd,,f32,0x4b2190cd,10588365.0
field_real_miniapp,miniFE_heat21,11,0,GFortran_v3,0,193.191675,checksum_f32_bits=0x4B2170C7,,f32,0x4b2170c7,10580167.0
field_real_miniapp,miniFE_heat21,11,1,Wheelchair_1.3.127_field_native256,0,73.877296,checksum_f32_bits=0x4b2190cd,,f32,0x4b2190cd,10588365.0
field_real_miniapp,miniFE_heat21,11,2,GCC_C_v3,0,94.240163,checksum_f32_bits=0x4b2170c7,,f32,0x4b2170c7,10580167.0
field_real_miniapp,miniFE_heat21,12,0,Wheelchair_1.3.127_field_native256,0,76.155535,checksum_f32_bits=0x4b2190cd,,f32,0x4b2190cd,10588365.0
field_real_miniapp,miniFE_heat21,12,1,GCC_C_v3,0,94.996907,checksum_f32_bits=0x4b2170c7,,f32,0x4b2170c7,10580167.0
field_real_miniapp,miniFE_heat21,12,2,GFortran_v3,0,195.197987,checksum_f32_bits=0x4B2170C7,,f32,0x4b2170c7,10580167.0
field_real_miniapp,miniFE_heat21,13,0,GCC_C_v3,0,96.503916,checksum_f32_bits=0x4b2170c7,,f32,0x4b2170c7,10580167.0
field_real_miniapp,miniFE_heat21,13,1,GFortran_v3,0,193.52065,checksum_f32_bits=0x4B2170C7,,f32,0x4b2170c7,10580167.0
field_real_miniapp,miniFE_heat21,13,2,Wheelchair_1.3.127_field_native256,0,78.570903,checksum_f32_bits=0x4b2190cd,,f32,0x4b2190cd,10588365.0
field_real_miniapp,miniFE_heat21,14,0,GFortran_v3,0,193.007701,checksum_f32_bits=0x4B2170C7,,f32,0x4b2170c7,10580167.0
field_real_miniapp,miniFE_heat21,14,1,Wheelchair_1.3.127_field_native256,0,77.054026,checksum_f32_bits=0x4b2190cd,,f32,0x4b2190cd,10588365.0
field_real_miniapp,miniFE_heat21,14,2,GCC_C_v3,0,94.822682,checksum_f32_bits=0x4b2170c7,,f32,0x4b2170c7,10580167.0
